Year,Country,Region,Happiness_Rank,Happiness,Explained_by_Trust,Explained_by_GDP,Explained_by_Freedom,Explained_by_Generosity,Explained_by_Health,Explained_by_Social_support,Dystopia_Residual
2023,Finland,Western Europe,1,,,,,,,,
2023,Denmark,Western Europe,2,,,,,,,,
2023,Iceland,Western Europe,3,,,,,,,,
2023,Israel,Middle East and Northern Africa,4,,,,,,,,
2023,Netherlands,Western Europe,5,,,,,,,,
2023,Sweden,Western Europe,6,,,,,,,,
2023,Norway,Western Europe,7,,,,,,,,
2023,Switzerland,Western Europe,8,,,,,,,,
2023,Luxembourg,Western Europe,9,,,,,,,,
2023,New Zealand,Australia and New Zealand,10,,,,,,,,
2023,Austria,Western Europe,11,,,,,,,,
2023,Australia,Australia and New Zealand,12,,,,,,,,
2023,Canada,North America,13,,,,,,,,
2023,Ireland,Western Europe,14,,,,,,,,
2023,United States,North America,15,,,,,,,,
2023,Germany,Western Europe,16,,,,,,,,
2023,Belgium,Western Europe,17,,,,,,,,
2023,Czechia,,18,,,,,,,,
2023,United Kingdom,Western Europe,19,,,,,,,,
2023,Lithuania,Central and Eastern Europe,20,,,,,,,,
2023,France,Western Europe,21,,,,,,,,
2023,Slovenia,Central and Eastern Europe,22,,,,,,,,
2023,Costa Rica,Latin America and Caribbean,23,,,,,,,,
2023,Romania,Central and Eastern Europe,24,,,,,,,,
2023,Singapore,Southeastern Asia,25,,,,,,,,
2023,United Arab Emirates,Middle East and Northern Africa,26,,,,,,,,
2023,Taiwan Province of China,,27,,,,,,,,
2023,Uruguay,Latin America and Caribbean,28,,,,,,,,
2023,Slovakia,Central and Eastern Europe,29,,,,,,,,
2023,Saudi Arabia,Middle East and Northern Africa,30,,,,,,,,
2023,Estonia,Central and Eastern Europe,31,,,,,,,,
2023,Spain,Western Europe,32,,,,,,,,
2023,Italy,Western Europe,33,,,,,,,,
2023,Kosovo,Central and Eastern Europe,34,,,,,,,,
2023,Chile,Latin America and Caribbean,35,,,,,,,,
2023,Mexico,Latin America and Caribbean,36,,,,,,,,
2023,Malta,Western Europe,37,,,,,,,,
2023,Panama,Latin America and Caribbean,38,,,,,,,,
2023,Poland,Central and Eastern Europe,39,,,,,,,,
2023,Nicaragua,Latin America and Caribbean,40,,,,,,,,
2023,Latvia,Central and Eastern Europe,41,,,,,,,,
2023,Bahrain,Middle East and Northern Africa,42,,,,,,,,
2023,Guatemala,Latin America and Caribbean,43,,,,,,,,
2023,Kazakhstan,Central and Eastern Europe,44,,,,,,,,
2023,Serbia,Central and Eastern Europe,45,,,,,,,,
2023,Cyprus,Western Europe,46,,,,,,,,
2023,Japan,Eastern Asia,47,,,,,,,,
2023,Croatia,Central and Eastern Europe,48,,,,,,,,
2023,Brazil,Latin America and Caribbean,49,,,,,,,,
2023,El Salvador,Latin America and Caribbean,50,,,,,,,,
2023,Hungary,Central and Eastern Europe,51,,,,,,,,
2023,Argentina,Latin America and Caribbean,52,,,,,,,,
2023,Honduras,Latin America and Caribbean,53,,,,,,,,
2023,Uzbekistan,Central and Eastern Europe,54,,,,,,,,
2023,Malaysia,Southeastern Asia,55,,,,,,,,
2023,Portugal,Western Europe,56,,,,,,,,
2023,South Korea,Eastern Asia,57,,,,,,,,
2023,Greece,Western Europe,58,,,,,,,,
2023,Mauritius,Sub-Saharan Africa,59,,,,,,,,
2023,Thailand,Southeastern Asia,60,,,,,,,,
2023,Mongolia,Eastern Asia,61,,,,,,,,
2023,Kyrgyzstan,Central and Eastern Europe,62,,,,,,,,
2023,Moldova,Central and Eastern Europe,63,,,,,,,,
2023,China,Eastern Asia,64,,,,,,,,
2023,Vietnam,Southeastern Asia,65,,,,,,,,
2023,Paraguay,Latin America and Caribbean,66,,,,,,,,
2023,Montenegro,Central and Eastern Europe,67,,,,,,,,
2023,Jamaica,Latin America and Caribbean,68,,,,,,,,
2023,Bolivia,Latin America and Caribbean,69,,,,,,,,
2023,Russia,Central and Eastern Europe,70,,,,,,,,
2023,Bosnia and Herzegovina,Central and Eastern Europe,71,,,,,,,,
2023,Colombia,Latin America and Caribbean,72,,,,,,,,
2023,Dominican Republic,Latin America and Caribbean,73,,,,,,,,
2023,Ecuador,Latin America and Caribbean,74,,,,,,,,
2023,Peru,Latin America and Caribbean,75,,,,,,,,
2023,Philippines,Southeastern Asia,76,,,,,,,,
2023,Bulgaria,Central and Eastern Europe,77,,,,,,,,
2023,Nepal,Southern Asia,78,,,,,,,,
2023,Armenia,Central and Eastern Europe,79,,,,,,,,
2023,Tajikistan,Central and Eastern Europe,80,,,,,,,,
2023,Algeria,Middle East and Northern Africa,81,,,,,,,,
2023,Hong Kong S.A.R. of China,,82,,,,,,,,
2023,Albania,Central and Eastern Europe,83,,,,,,,,
2023,Indonesia,Southeastern Asia,84,,,,,,,,
2023,South Africa,Sub-Saharan Africa,85,,,,,,,,
2023,Congo (Brazzaville),Sub-Saharan Africa,86,,,,,,,,
2023,North Macedonia,,87,,,,,,,,
2023,Venezuela,Latin America and Caribbean,88,,,,,,,,
2023,Laos,Southeastern Asia,89,,,,,,,,
2023,Georgia,Central and Eastern Europe,90,,,,,,,,
2023,Guinea,Sub-Saharan Africa,91,,,,,,,,
2023,Ukraine,Central and Eastern Europe,92,,,,,,,,
2023,Ivory Coast,Sub-Saharan Africa,93,,,,,,,,
2023,Gabon,Sub-Saharan Africa,94,,,,,,,,
2023,Nigeria,Sub-Saharan Africa,95,,,,,,,,
2023,Cameroon,Sub-Saharan Africa,96,,,,,,,,
2023,Mozambique,Sub-Saharan Africa,97,,,,,,,,
2023,Iraq,Middle East and Northern Africa,98,,,,,,,,
2023,State of Palestine,,99,,,,,,,,
2023,Morocco,Middle East and Northern Africa,100,,,,,,,,
2023,Iran,Middle East and Northern Africa,101,,,,,,,,
2023,Senegal,Sub-Saharan Africa,102,,,,,,,,
2023,Mauritania,Sub-Saharan Africa,103,,,,,,,,
2023,Burkina Faso,Sub-Saharan Africa,104,,,,,,,,
2023,Namibia,,105,,,,,,,,
2023,Turkiye,,106,,,,,,,,
2023,Ghana,Sub-Saharan Africa,107,,,,,,,,
2023,Pakistan,Southern Asia,108,,,,,,,,
2023,Niger,Sub-Saharan Africa,109,,,,,,,,
2023,Tunisia,Middle East and Northern Africa,110,,,,,,,,
2023,Kenya,Sub-Saharan Africa,111,,,,,,,,
2023,Sri Lanka,Southern Asia,112,,,,,,,,
2023,Uganda,Sub-Saharan Africa,113,,,,,,,,
2023,Chad,Sub-Saharan Africa,114,,,,,,,,
2023,Cambodia,Southeastern Asia,115,,,,,,,,
2023,Benin,Sub-Saharan Africa,116,,,,,,,,
2023,Myanmar,Southeastern Asia,117,,,,,,,,
2023,Bangladesh,Southern Asia,118,,,,,,,,
2023,Gambia,,119,,,,,,,,
2023,Mali,Sub-Saharan Africa,120,,,,,,,,
2023,Egypt,Middle East and Northern Africa,121,,,,,,,,
2023,Togo,Sub-Saharan Africa,122,,,,,,,,
2023,Jordan,Middle East and Northern Africa,123,,,,,,,,
2023,Ethiopia,Sub-Saharan Africa,124,,,,,,,,
2023,Liberia,Sub-Saharan Africa,125,,,,,,,,
2023,India,Southern Asia,126,,,,,,,,
2023,Madagascar,Sub-Saharan Africa,127,,,,,,,,
2023,Zambia,Sub-Saharan Africa,128,,,,,,,,
2023,Tanzania,Sub-Saharan Africa,129,,,,,,,,
2023,Comoros,Sub-Saharan Africa,130,,,,,,,,
2023,Malawi,Sub-Saharan Africa,131,,,,,,,,
2023,Botswana,Sub-Saharan Africa,132,,,,,,,,
2023,Congo (Kinshasa),Sub-Saharan Africa,133,,,,,,,,
2023,Zimbabwe,Sub-Saharan Africa,134,,,,,,,,
2023,Sierra Leone,Sub-Saharan Africa,135,,,,,,,,
2023,Lebanon,Middle East and Northern Africa,136,,,,,,,,
2023,Afghanistan,Southern Asia,137,,,,,,,,
2022,Finland,Western Europe,1,7.821,0.534,1.892,0.736,0.109,0.775,1.258,2.518
2022,Denmark,Western Europe,2,7.636,0.532,1.953,0.719,0.188,0.777,1.243,2.226
2022,Iceland,Western Europe,3,7.557,0.191,1.936,0.718,0.27,0.803,1.32,2.32
2022,Switzerland,Western Europe,4,7.512,0.461,2.026,0.677,0.147,0.822,1.226,2.153
2022,Netherlands,Western Europe,5,7.415,0.419,1.945,0.651,0.271,0.787,1.206,2.137
2022,Luxembourg*,,6,7.404,0.388,2.209,0.7,0.12,0.79,1.155,2.042
2022,Sweden,Western Europe,7,7.384,0.512,1.92,0.724,0.218,0.803,1.204,2.003
2022,Norway,Western Europe,8,7.365,0.474,1.997,0.728,0.217,0.786,1.239,1.925
2022,Israel,Middle East and Northern Africa,9,7.364,0.143,1.826,0.568,0.155,0.818,1.221,2.634
2022,New Zealand,Australia and New Zealand,10,7.2,0.483,1.852,0.68,0.245,0.752,1.235,1.954
2022,Austria,Western Europe,11,7.163,0.329,1.931,0.623,0.193,0.774,1.165,2.148
2022,Australia,Australia and New Zealand,12,7.162,0.341,1.9,0.676,0.258,0.772,1.203,2.011
2022,Ireland,Western Europe,13,7.041,0.408,2.129,0.627,0.19,0.779,1.166,1.743
2022,Germany,Western Europe,14,7.034,0.358,1.924,0.585,0.163,0.776,1.088,2.142
2022,Canada,North America,15,7.025,0.368,1.886,0.659,0.217,0.783,1.188,1.924
2022,United States,North America,16,6.977,0.177,1.982,0.574,0.22,0.628,1.182,2.214
2022,United Kingdom,Western Europe,17,6.943,0.329,1.867,0.597,0.289,0.75,1.143,1.967
2022,Czechia,,18,6.92,0.048,1.815,0.66,0.158,0.715,1.26,2.263
2022,Belgium,Western Europe,19,6.805,0.204,1.907,0.492,0.049,0.764,1.106,2.283
2022,France,Western Europe,20,6.687,0.266,1.863,0.567,0.07,0.808,1.219,1.895
2022,Bahrain,Middle East and Northern Africa,21,6.647,0.155,1.854,0.693,0.199,0.625,1.029,2.092
2022,Slovenia,Central and Eastern Europe,22,6.63,0.115,1.81,0.685,0.118,0.769,1.249,1.885
2022,Costa Rica,Latin America and Caribbean,23,6.582,0.102,1.584,0.661,0.089,0.744,1.054,2.346
2022,United Arab Emirates,Middle East and Northern Africa,24,6.576,0.25,1.998,0.702,0.204,0.633,0.98,1.809
2022,Saudi Arabia,Middle East and Northern Africa,25,6.523,0.18,1.87,0.651,0.078,0.577,1.092,2.075
2022,Taiwan Province of China,,26,6.512,0.168,1.897,0.542,0.075,0.733,1.095,2.002
2022,Singapore,Southeastern Asia,27,6.48,0.587,2.149,0.672,0.163,0.851,1.127,0.932
2022,Romania,Central and Eastern Europe,28,6.477,0.006,1.719,0.605,0.039,0.655,1.006,2.446
2022,Spain,Western Europe,29,6.476,0.149,1.808,0.505,0.101,0.808,1.211,1.893
2022,Uruguay,Latin America and Caribbean,30,6.474,0.265,1.615,0.665,0.103,0.672,1.18,1.974
2022,Italy,Western Europe,31,6.467,0.059,1.834,0.412,0.085,0.801,1.052,2.222
2022,Kosovo,Central and Eastern Europe,32,6.455,0.035,1.362,0.599,0.309,0.569,0.949,2.631
2022,Malta,Western Europe,33,6.447,0.166,1.838,0.679,0.174,0.789,1.169,1.631
2022,Lithuania,Central and Eastern Europe,34,6.446,0.077,1.804,0.496,0.053,0.659,1.204,2.153
2022,Slovakia,Central and Eastern Europe,35,6.391,0.025,1.736,0.479,0.118,0.707,1.232,2.094
2022,Estonia,Central and Eastern Europe,36,6.341,0.333,1.793,0.689,0.123,0.728,1.232,1.442
2022,Panama,Latin America and Caribbean,37,6.309,0.051,1.715,0.592,0.049,0.709,1.107,2.086
2022,Brazil,Latin America and Caribbean,38,6.293,0.134,1.462,0.546,0.131,0.615,1.044,2.361
2022,Guatemala*,,39,6.262,0.115,1.274,0.662,0.112,0.522,0.831,2.746
2022,Kazakhstan,Central and Eastern Europe,40,6.234,0.157,1.668,0.584,0.134,0.611,1.22,1.86
2022,Cyprus,Western Europe,41,6.221,0.062,1.815,0.448,0.123,0.819,0.909,2.044
2022,Latvia,Central and Eastern Europe,42,6.18,0.09,1.732,0.502,0.075,0.637,1.221,1.923
2022,Serbia,Central and Eastern Europe,43,6.178,0.088,1.55,0.546,0.219,0.658,1.086,2.031
2022,Chile,Latin America and Caribbean,44,6.172,0.069,1.651,0.46,0.124,0.748,1.08,2.04
2022,Nicaragua,Latin America and Caribbean,45,6.165,0.212,1.105,0.617,0.168,0.617,1.029,2.418
2022,Mexico,Latin America and Caribbean,46,6.128,0.115,1.552,0.621,0.092,0.623,0.886,2.239
2022,Croatia,Central and Eastern Europe,47,6.125,0.0,1.705,0.535,0.109,0.709,1.183,1.884
2022,Poland,Central and Eastern Europe,48,6.123,0.14,1.758,0.523,0.124,0.712,1.174,1.693
2022,El Salvador,Latin America and Caribbean,49,6.12,0.212,1.265,0.666,0.089,0.607,0.768,2.514
2022,Kuwait*,,50,6.106,0.147,1.904,0.617,0.087,0.747,0.983,1.621
2022,Hungary,Central and Eastern Europe,51,6.086,0.064,1.748,0.485,0.078,0.668,1.233,1.812
2022,Mauritius,Sub-Saharan Africa,52,6.071,0.107,1.591,0.589,0.131,0.568,1.116,1.969
2022,Uzbekistan,Central and Eastern Europe,53,6.063,0.24,1.219,0.716,0.283,0.6,1.092,1.913
2022,Japan,Eastern Asia,54,6.039,0.218,1.835,0.537,0.007,0.866,1.089,1.487
2022,Honduras,Latin America and Caribbean,55,6.022,0.076,1.111,0.582,0.202,0.555,0.885,2.611
2022,Portugal,Western Europe,56,6.016,0.039,1.76,0.655,0.016,0.777,1.078,1.691
2022,Argentina,Latin America and Caribbean,57,5.967,0.085,1.592,0.555,0.081,0.662,1.102,1.891
2022,Greece,Western Europe,58,5.948,0.108,1.703,0.249,0.015,0.774,0.98,2.119
2022,South Korea,Eastern Asia,59,5.935,0.176,1.851,0.414,0.111,0.841,0.886,1.656
2022,Philippines,Southeastern Asia,60,5.904,0.142,1.268,0.678,0.107,0.514,0.912,2.283
2022,Thailand,Southeastern Asia,61,5.891,0.026,1.535,0.617,0.321,0.697,1.096,1.6
2022,Moldova,Central and Eastern Europe,62,5.857,0.028,1.417,0.561,0.102,0.597,1.008,2.142
2022,Jamaica,Latin America and Caribbean,63,5.85,0.053,1.296,0.567,0.08,0.646,1.045,2.164
2022,Kyrgyzstan,Central and Eastern Europe,64,5.828,0.025,1.069,0.693,0.208,0.638,1.109,2.087
2022,Belarus*,,65,5.821,0.282,1.562,0.342,0.04,0.629,1.157,1.811
2022,Colombia,Latin America and Caribbean,66,5.781,0.077,1.452,0.545,0.087,0.72,0.929,1.971
2022,Bosnia and Herzegovina,Central and Eastern Europe,67,5.768,0.006,1.468,0.448,0.244,0.665,1.068,1.869
2022,Mongolia,Eastern Asia,68,5.761,0.059,1.393,0.398,0.247,0.467,1.197,1.999
2022,Dominican Republic,Latin America and Caribbean,69,5.737,0.179,1.538,0.606,0.084,0.577,1.003,1.751
2022,Malaysia,Southeastern Asia,70,5.711,0.126,1.689,0.654,0.213,0.62,0.938,1.471
2022,Bolivia,Latin America and Caribbean,71,5.6,0.064,1.256,0.627,0.112,0.555,0.88,2.107
2022,China,Eastern Asia,72,5.585,0.142,1.508,0.656,0.099,0.705,0.958,1.516
2022,Paraguay,Latin America and Caribbean,73,5.578,0.059,1.409,0.629,0.171,0.624,1.13,1.555
2022,Peru,Latin America and Caribbean,74,5.559,0.037,1.397,0.545,0.09,0.735,0.865,1.89
2022,Montenegro,Central and Eastern Europe,75,5.547,0.077,1.573,0.46,0.135,0.659,1.023,1.619
2022,Ecuador,Latin America and Caribbean,76,5.533,0.083,1.352,0.565,0.08,0.708,0.879,1.866
2022,Vietnam,Southeastern Asia,77,5.485,0.105,1.252,0.707,0.143,0.611,0.932,1.735
2022,Turkmenistan*,,78,5.474,0.032,1.484,0.649,0.314,0.516,1.319,1.16
2022,North Cyprus*,,79,5.467,0.213,1.815,0.523,0.13,0.819,0.888,1.078
2022,Russia,Central and Eastern Europe,80,5.459,0.08,1.685,0.401,0.117,0.586,1.095,1.494
2022,Hong Kong S.A.R. of China,,81,5.425,0.383,1.957,0.4,0.147,0.942,0.954,0.642
2022,Armenia,Central and Eastern Europe,82,5.399,0.21,1.434,0.558,0.054,0.668,0.82,1.654
2022,Tajikistan,Central and Eastern Europe,83,5.377,0.304,0.966,0.572,0.118,0.518,1.005,1.895
2022,Nepal,Southern Asia,84,5.377,0.13,0.984,0.519,0.237,0.499,0.784,2.224
2022,Bulgaria,Central and Eastern Europe,85,5.371,0.021,1.625,0.563,0.123,0.64,1.163,1.235
2022,Libya*,,86,5.33,0.179,1.476,0.477,0.106,0.606,0.943,1.544
2022,Indonesia,Southeastern Asia,87,5.24,0.047,1.382,0.62,0.468,0.539,0.883,1.3
2022,Ivory Coast,Sub-Saharan Africa,88,5.235,0.124,1.094,0.451,0.149,0.322,0.442,2.652
2022,North Macedonia,,89,5.199,0.031,1.505,0.488,0.215,0.637,0.863,1.461
2022,Albania,Central and Eastern Europe,90,5.199,0.028,1.439,0.511,0.138,0.719,0.646,1.718
2022,South Africa,Sub-Saharan Africa,91,5.194,0.046,1.425,0.442,0.089,0.361,1.088,1.742
2022,Azerbaijan*,,92,5.173,0.341,1.458,0.601,0.023,0.56,1.093,1.098
2022,Gambia*,,93,5.164,0.103,0.785,0.367,0.388,0.369,0.621,2.531
2022,Bangladesh,Southern Asia,94,5.155,0.187,1.06,0.622,0.125,0.581,0.614,1.967
2022,Laos,Southeastern Asia,95,5.14,0.184,1.239,0.679,0.197,0.479,0.654,1.709
2022,Algeria,Middle East and Northern Africa,96,5.122,0.15,1.363,0.146,0.106,0.643,0.97,1.744
2022,Liberia*,,97,5.122,0.08,0.636,0.405,0.178,0.309,0.67,2.844
2022,Ukraine,Central and Eastern Europe,98,5.084,0.017,1.411,0.473,0.188,0.583,1.081,1.331
2022,Congo,,99,5.075,0.146,0.95,0.431,0.13,0.355,0.405,2.658
2022,Morocco,Middle East and Northern Africa,100,5.06,0.102,1.208,0.492,0.02,0.565,0.268,2.405
2022,Mozambique,Sub-Saharan Africa,101,5.048,0.2,0.578,0.593,0.185,0.191,0.66,2.641
2022,Cameroon,Sub-Saharan Africa,102,5.048,0.074,0.968,0.397,0.152,0.317,0.672,2.469
2022,Senegal,Sub-Saharan Africa,103,5.046,0.081,0.933,0.494,0.143,0.447,0.53,2.419
2022,Niger*,,104,5.003,0.145,0.57,0.571,0.165,0.326,0.56,2.667
2022,Georgia,Central and Eastern Europe,105,4.973,0.208,1.467,0.508,0.0,0.595,0.612,1.583
2022,Gabon,Sub-Saharan Africa,106,4.958,0.099,1.459,0.343,0.032,0.396,0.738,1.892
2022,Iraq,Middle East and Northern Africa,107,4.941,0.046,1.289,0.328,0.147,0.554,0.682,1.894
2022,Venezuela,Latin America and Caribbean,108,4.925,0.082,0.0,0.283,0.225,0.578,0.968,2.79
2022,Guinea,Sub-Saharan Africa,109,4.891,0.116,0.848,0.334,0.214,0.275,0.566,2.538
2022,Iran,Middle East and Northern Africa,110,4.888,0.146,1.41,0.281,0.241,0.642,0.741,1.427
2022,Ghana,Sub-Saharan Africa,111,4.872,0.056,1.112,0.5,0.23,0.409,0.595,1.972
2022,Turkey,Middle East and Northern Africa,112,4.744,0.115,1.707,0.209,0.087,0.702,0.865,1.059
2022,Burkina Faso,Sub-Saharan Africa,113,4.67,0.126,0.779,0.382,0.186,0.32,0.565,2.313
2022,Cambodia,Southeastern Asia,114,4.64,0.068,1.019,0.74,0.166,0.505,0.732,1.41
2022,Benin,Sub-Saharan Africa,115,4.623,0.23,0.932,0.479,0.127,0.335,0.064,2.458
2022,Comoros*,,116,4.609,0.125,0.899,0.185,0.195,0.424,0.476,2.304
2022,Uganda,Sub-Saharan Africa,117,4.603,0.066,0.777,0.402,0.222,0.418,0.875,1.842
2022,Nigeria,Sub-Saharan Africa,118,4.552,0.038,1.079,0.444,0.175,0.3,0.732,1.784
2022,Kenya,Sub-Saharan Africa,119,4.543,0.082,1.032,0.44,0.322,0.401,0.605,1.661
2022,Tunisia,Middle East and Northern Africa,120,4.516,0.029,1.35,0.316,0.029,0.656,0.596,1.54
2022,Pakistan,Southern Asia,121,4.516,0.112,1.049,0.448,0.181,0.374,0.413,1.94
2022,Palestinian Territories*,,122,4.483,0.079,1.148,0.336,0.073,0.521,0.957,1.368
2022,Mali,Sub-Saharan Africa,123,4.479,0.042,0.792,0.35,0.128,0.311,0.483,2.373
2022,Namibia,,124,4.459,0.071,1.292,0.384,0.067,0.354,0.877,1.414
2022,"Eswatini, Kingdom of*",,125,4.396,0.154,1.274,0.259,0.038,0.197,0.786,1.688
2022,Myanmar,Southeastern Asia,126,4.394,0.194,1.038,0.513,0.452,0.491,0.829,0.877
2022,Sri Lanka,Southern Asia,127,4.362,0.079,1.415,0.529,0.15,0.66,0.934,0.595
2022,Madagascar*,,128,4.339,0.154,0.67,0.202,0.143,0.378,0.645,2.148
2022,Egypt,Middle East and Northern Africa,129,4.288,0.254,1.388,0.469,0.041,0.548,0.732,0.856
2022,Chad*,,130,4.251,0.077,0.662,0.18,0.182,0.225,0.506,2.419
2022,Ethiopia,Sub-Saharan Africa,131,4.241,0.136,0.788,0.472,0.205,0.457,0.809,1.375
2022,Yemen*,,132,4.197,0.098,0.691,0.33,0.09,0.384,1.043,1.561
2022,Mauritania*,,133,4.153,0.138,1.1,0.304,0.088,0.45,0.865,1.207
2022,Jordan,Middle East and Northern Africa,134,4.152,0.2,1.324,0.476,0.058,0.675,0.724,0.695
2022,Togo,Sub-Saharan Africa,135,4.112,0.132,0.771,0.292,0.174,0.36,0.322,2.061
2022,India,Southern Asia,136,3.777,0.123,1.167,0.647,0.198,0.471,0.376,0.795
2022,Zambia,Sub-Saharan Africa,137,3.76,0.083,0.93,0.525,0.203,0.306,0.577,1.135
2022,Malawi,Sub-Saharan Africa,138,3.75,0.157,0.648,0.477,0.14,0.388,0.279,1.661
2022,Tanzania,Sub-Saharan Africa,139,3.702,0.27,0.848,0.578,0.248,0.425,0.597,0.735
2022,Sierra Leone,Sub-Saharan Africa,140,3.574,0.055,0.686,0.387,0.202,0.273,0.416,1.556
2022,Lesotho*,,141,3.512,0.018,0.839,0.419,0.076,0.0,0.848,1.312
2022,Botswana*,,142,3.471,0.102,1.503,0.571,0.012,0.28,0.815,0.187
2022,Rwanda*,,143,3.268,0.544,0.785,0.621,0.187,0.462,0.133,0.536
2022,Zimbabwe,Sub-Saharan Africa,144,2.995,0.105,0.947,0.329,0.106,0.27,0.69,0.548
2022,Lebanon,Middle East and Northern Africa,145,2.955,0.034,1.392,0.103,0.082,0.631,0.498,0.216
2022,Afghanistan,Southern Asia,146,2.404,0.005,0.758,0.0,0.089,0.289,0.0,1.263
2022,xx,,147,,,,,,,,
2021,Finland,Western Europe,1,,,,,,,,
2021,Denmark,Western Europe,2,,,,,,,,
2021,Switzerland,Western Europe,3,,,,,,,,
2021,Iceland,Western Europe,4,,,,,,,,
2021,Netherlands,Western Europe,5,,,,,,,,
2021,Norway,Western Europe,6,,,,,,,,
2021,Sweden,Western Europe,7,,,,,,,,
2021,Luxembourg,Western Europe,8,,,,,,,,
2021,New Zealand,Australia and New Zealand,9,,,,,,,,
2021,Austria,Western Europe,10,,,,,,,,
2021,Australia,Australia and New Zealand,11,,,,,,,,
2021,Israel,Middle East and Northern Africa,12,,,,,,,,
2021,Germany,Western Europe,13,,,,,,,,
2021,Canada,North America,14,,,,,,,,
2021,Ireland,Western Europe,15,,,,,,,,
2021,Costa Rica,Latin America and Caribbean,16,,,,,,,,
2021,United Kingdom,Western Europe,17,,,,,,,,
2021,Czech Republic,Central and Eastern Europe,18,,,,,,,,
2021,United States,North America,19,,,,,,,,
2021,Belgium,Western Europe,20,,,,,,,,
2021,France,Western Europe,21,,,,,,,,
2021,Bahrain,Middle East and Northern Africa,22,,,,,,,,
2021,Malta,Western Europe,23,,,,,,,,
2021,Taiwan Province of China,,24,,,,,,,,
2021,United Arab Emirates,Middle East and Northern Africa,25,,,,,,,,
2021,Saudi Arabia,Middle East and Northern Africa,26,,,,,,,,
2021,Spain,Western Europe,27,,,,,,,,
2021,Italy,Western Europe,28,,,,,,,,
2021,Slovenia,Central and Eastern Europe,29,,,,,,,,
2021,Guatemala,Latin America and Caribbean,30,,,,,,,,
2021,Uruguay,Latin America and Caribbean,31,,,,,,,,
2021,Singapore,Southeastern Asia,32,,,,,,,,
2021,Kosovo,Central and Eastern Europe,33,,,,,,,,
2021,Slovakia,Central and Eastern Europe,34,,,,,,,,
2021,Brazil,Latin America and Caribbean,35,,,,,,,,
2021,Mexico,Latin America and Caribbean,36,,,,,,,,
2021,Jamaica,Latin America and Caribbean,37,,,,,,,,
2021,Lithuania,Central and Eastern Europe,38,,,,,,,,
2021,Cyprus,Western Europe,39,,,,,,,,
2021,Estonia,Central and Eastern Europe,40,,,,,,,,
2021,Panama,Latin America and Caribbean,41,,,,,,,,
2021,Uzbekistan,Central and Eastern Europe,42,,,,,,,,
2021,Chile,Latin America and Caribbean,43,,,,,,,,
2021,Poland,Central and Eastern Europe,44,,,,,,,,
2021,Kazakhstan,Central and Eastern Europe,45,,,,,,,,
2021,Romania,Central and Eastern Europe,46,,,,,,,,
2021,Kuwait,Middle East and Northern Africa,47,,,,,,,,
2021,Serbia,Central and Eastern Europe,48,,,,,,,,
2021,El Salvador,Latin America and Caribbean,49,,,,,,,,
2021,Mauritius,Sub-Saharan Africa,50,,,,,,,,
2021,Latvia,Central and Eastern Europe,51,,,,,,,,
2021,Colombia,Latin America and Caribbean,52,,,,,,,,
2021,Hungary,Central and Eastern Europe,53,,,,,,,,
2021,Thailand,Southeastern Asia,54,,,,,,,,
2021,Nicaragua,Latin America and Caribbean,55,,,,,,,,
2021,Japan,Eastern Asia,56,,,,,,,,
2021,Argentina,Latin America and Caribbean,57,,,,,,,,
2021,Portugal,Western Europe,58,,,,,,,,
2021,Honduras,Latin America and Caribbean,59,,,,,,,,
2021,Croatia,Central and Eastern Europe,60,,,,,,,,
2021,Philippines,Southeastern Asia,61,,,,,,,,
2021,South Korea,Eastern Asia,62,,,,,,,,
2021,Peru,Latin America and Caribbean,63,,,,,,,,
2021,Bosnia and Herzegovina,Central and Eastern Europe,64,,,,,,,,
2021,Moldova,Central and Eastern Europe,65,,,,,,,,
2021,Ecuador,Latin America and Caribbean,66,,,,,,,,
2021,Kyrgyzstan,Central and Eastern Europe,67,,,,,,,,
2021,Greece,Western Europe,68,,,,,,,,
2021,Bolivia,Latin America and Caribbean,69,,,,,,,,
2021,Mongolia,Eastern Asia,70,,,,,,,,
2021,Paraguay,Latin America and Caribbean,71,,,,,,,,
2021,Montenegro,Central and Eastern Europe,72,,,,,,,,
2021,Dominican Republic,Latin America and Caribbean,73,,,,,,,,
2021,North Cyprus,Western Europe,74,,,,,,,,
2021,Belarus,Central and Eastern Europe,75,,,,,,,,
2021,Russia,Central and Eastern Europe,76,,,,,,,,
2021,Hong Kong S.A.R. of China,,77,,,,,,,,
2021,Tajikistan,Central and Eastern Europe,78,,,,,,,,
2021,Vietnam,Southeastern Asia,79,,,,,,,,
2021,Libya,Middle East and Northern Africa,80,,,,,,,,
2021,Malaysia,Southeastern Asia,81,,,,,,,,
2021,Indonesia,Southeastern Asia,82,,,,,,,,
2021,Congo (Brazzaville),Sub-Saharan Africa,83,,,,,,,,
2021,China,Eastern Asia,84,,,,,,,,
2021,Ivory Coast,Sub-Saharan Africa,85,,,,,,,,
2021,Armenia,Central and Eastern Europe,86,,,,,,,,
2021,Nepal,Southern Asia,87,,,,,,,,
2021,Bulgaria,Central and Eastern Europe,88,,,,,,,,
2021,Maldives,,89,,,,,,,,
2021,Azerbaijan,Central and Eastern Europe,90,,,,,,,,
2021,Cameroon,Sub-Saharan Africa,91,,,,,,,,
2021,Senegal,Sub-Saharan Africa,92,,,,,,,,
2021,Albania,Central and Eastern Europe,93,,,,,,,,
2021,North Macedonia,,94,,,,,,,,
2021,Ghana,Sub-Saharan Africa,95,,,,,,,,
2021,Niger,Sub-Saharan Africa,96,,,,,,,,
2021,Turkmenistan,Central and Eastern Europe,97,,,,,,,,
2021,Gambia,,98,,,,,,,,
2021,Benin,Sub-Saharan Africa,99,,,,,,,,
2021,Laos,Southeastern Asia,100,,,,,,,,
2021,Bangladesh,Southern Asia,101,,,,,,,,
2021,Guinea,Sub-Saharan Africa,102,,,,,,,,
2021,South Africa,Sub-Saharan Africa,103,,,,,,,,
2021,Turkey,Middle East and Northern Africa,104,,,,,,,,
2021,Pakistan,Southern Asia,105,,,,,,,,
2021,Morocco,Middle East and Northern Africa,106,,,,,,,,
2021,Venezuela,Latin America and Caribbean,107,,,,,,,,
2021,Georgia,Central and Eastern Europe,108,,,,,,,,
2021,Algeria,Middle East and Northern Africa,109,,,,,,,,
2021,Ukraine,Central and Eastern Europe,110,,,,,,,,
2021,Iraq,Middle East and Northern Africa,111,,,,,,,,
2021,Gabon,Sub-Saharan Africa,112,,,,,,,,
2021,Burkina Faso,Sub-Saharan Africa,113,,,,,,,,
2021,Cambodia,Southeastern Asia,114,,,,,,,,
2021,Mozambique,Sub-Saharan Africa,115,,,,,,,,
2021,Nigeria,Sub-Saharan Africa,116,,,,,,,,
2021,Mali,Sub-Saharan Africa,117,,,,,,,,
2021,Iran,Middle East and Northern Africa,118,,,,,,,,
2021,Uganda,Sub-Saharan Africa,119,,,,,,,,
2021,Liberia,Sub-Saharan Africa,120,,,,,,,,
2021,Kenya,Sub-Saharan Africa,121,,,,,,,,
2021,Tunisia,Middle East and Northern Africa,122,,,,,,,,
2021,Lebanon,Middle East and Northern Africa,123,,,,,,,,
2021,Namibia,,124,,,,,,,,
2021,Palestinian Territories,Middle East and Northern Africa,125,,,,,,,,
2021,Myanmar,Southeastern Asia,126,,,,,,,,
2021,Jordan,Middle East and Northern Africa,127,,,,,,,,
2021,Chad,Sub-Saharan Africa,128,,,,,,,,
2021,Sri Lanka,Southern Asia,129,,,,,,,,
2021,Swaziland,Sub-Saharan Africa,130,,,,,,,,
2021,Comoros,Sub-Saharan Africa,131,,,,,,,,
2021,Egypt,Middle East and Northern Africa,132,,,,,,,,
2021,Ethiopia,Sub-Saharan Africa,133,,,,,,,,
2021,Mauritania,Sub-Saharan Africa,134,,,,,,,,
2021,Madagascar,Sub-Saharan Africa,135,,,,,,,,
2021,Togo,Sub-Saharan Africa,136,,,,,,,,
2021,Zambia,Sub-Saharan Africa,137,,,,,,,,
2021,Sierra Leone,Sub-Saharan Africa,138,,,,,,,,
2021,India,Southern Asia,139,,,,,,,,
2021,Burundi,Sub-Saharan Africa,140,,,,,,,,
2021,Yemen,Middle East and Northern Africa,141,,,,,,,,
2021,Tanzania,Sub-Saharan Africa,142,,,,,,,,
2021,Haiti,Latin America and Caribbean,143,,,,,,,,
2021,Malawi,Sub-Saharan Africa,144,,,,,,,,
2021,Lesotho,Sub-Saharan Africa,145,,,,,,,,
2021,Botswana,Sub-Saharan Africa,146,,,,,,,,
2021,Rwanda,Sub-Saharan Africa,147,,,,,,,,
2021,Zimbabwe,Sub-Saharan Africa,148,,,,,,,,
2021,Afghanistan,Southern Asia,149,,,,,,,,
2020,Finland,Western Europe,1,,,,,,,,
2020,Denmark,Western Europe,2,,,,,,,,
2020,Switzerland,Western Europe,3,,,,,,,,
2020,Iceland,Western Europe,4,,,,,,,,
2020,Norway,Western Europe,5,,,,,,,,
2020,Netherlands,Western Europe,6,,,,,,,,
2020,Sweden,Western Europe,7,,,,,,,,
2020,New Zealand,Australia and New Zealand,8,,,,,,,,
2020,Austria,Western Europe,9,,,,,,,,
2020,Luxembourg,Western Europe,10,,,,,,,,
2020,Canada,North America,11,,,,,,,,
2020,Australia,Australia and New Zealand,12,,,,,,,,
2020,United Kingdom,Western Europe,13,,,,,,,,
2020,Israel,Middle East and Northern Africa,14,,,,,,,,
2020,Costa Rica,Latin America and Caribbean,15,,,,,,,,
2020,Ireland,Western Europe,16,,,,,,,,
2020,Germany,Western Europe,17,,,,,,,,
2020,United States,North America,18,,,,,,,,
2020,Czech Republic,Central and Eastern Europe,19,,,,,,,,
2020,Belgium,Western Europe,20,,,,,,,,
2020,United Arab Emirates,Middle East and Northern Africa,21,,,,,,,,
2020,Malta,Western Europe,22,,,,,,,,
2020,France,Western Europe,23,,,,,,,,
2020,Mexico,Latin America and Caribbean,24,,,,,,,,
2020,Taiwan Province of China,,25,,,,,,,,
2020,Uruguay,Latin America and Caribbean,26,,,,,,,,
2020,Saudi Arabia,Middle East and Northern Africa,27,,,,,,,,
2020,Spain,Western Europe,28,,,,,,,,
2020,Guatemala,Latin America and Caribbean,29,,,,,,,,
2020,Italy,Western Europe,30,,,,,,,,
2020,Singapore,Southeastern Asia,31,,,,,,,,
2020,Brazil,Latin America and Caribbean,32,,,,,,,,
2020,Slovenia,Central and Eastern Europe,33,,,,,,,,
2020,El Salvador,Latin America and Caribbean,34,,,,,,,,
2020,Kosovo,Central and Eastern Europe,35,,,,,,,,
2020,Panama,Latin America and Caribbean,36,,,,,,,,
2020,Slovakia,Central and Eastern Europe,37,,,,,,,,
2020,Uzbekistan,Central and Eastern Europe,38,,,,,,,,
2020,Chile,Latin America and Caribbean,39,,,,,,,,
2020,Bahrain,Middle East and Northern Africa,40,,,,,,,,
2020,Lithuania,Central and Eastern Europe,41,,,,,,,,
2020,Trinidad and Tobago,Latin America and Caribbean,42,,,,,,,,
2020,Poland,Central and Eastern Europe,43,,,,,,,,
2020,Colombia,Latin America and Caribbean,44,,,,,,,,
2020,Cyprus,Western Europe,45,,,,,,,,
2020,Nicaragua,Latin America and Caribbean,46,,,,,,,,
2020,Romania,Central and Eastern Europe,47,,,,,,,,
2020,Kuwait,Middle East and Northern Africa,48,,,,,,,,
2020,Mauritius,Sub-Saharan Africa,49,,,,,,,,
2020,Kazakhstan,Central and Eastern Europe,50,,,,,,,,
2020,Estonia,Central and Eastern Europe,51,,,,,,,,
2020,Philippines,Southeastern Asia,52,,,,,,,,
2020,Hungary,Central and Eastern Europe,53,,,,,,,,
2020,Thailand,Southeastern Asia,54,,,,,,,,
2020,Argentina,Latin America and Caribbean,55,,,,,,,,
2020,Honduras,Latin America and Caribbean,56,,,,,,,,
2020,Latvia,Central and Eastern Europe,57,,,,,,,,
2020,Ecuador,Latin America and Caribbean,58,,,,,,,,
2020,Portugal,Western Europe,59,,,,,,,,
2020,Jamaica,Latin America and Caribbean,60,,,,,,,,
2020,South Korea,Eastern Asia,61,,,,,,,,
2020,Japan,Eastern Asia,62,,,,,,,,
2020,Peru,Latin America and Caribbean,63,,,,,,,,
2020,Serbia,Central and Eastern Europe,64,,,,,,,,
2020,Bolivia,Latin America and Caribbean,65,,,,,,,,
2020,Pakistan,Southern Asia,66,,,,,,,,
2020,Paraguay,Latin America and Caribbean,67,,,,,,,,
2020,Dominican Republic,Latin America and Caribbean,68,,,,,,,,
2020,Bosnia and Herzegovina,Central and Eastern Europe,69,,,,,,,,
2020,Moldova,Central and Eastern Europe,70,,,,,,,,
2020,Tajikistan,Central and Eastern Europe,71,,,,,,,,
2020,Montenegro,Central and Eastern Europe,72,,,,,,,,
2020,Russia,Central and Eastern Europe,73,,,,,,,,
2020,Kyrgyzstan,Central and Eastern Europe,74,,,,,,,,
2020,Belarus,Central and Eastern Europe,75,,,,,,,,
2020,North Cyprus,Western Europe,76,,,,,,,,
2020,Greece,Western Europe,77,,,,,,,,
2020,Hong Kong S.A.R. of China,,78,,,,,,,,
2020,Croatia,Central and Eastern Europe,79,,,,,,,,
2020,Libya,Middle East and Northern Africa,80,,,,,,,,
2020,Mongolia,Eastern Asia,81,,,,,,,,
2020,Malaysia,Southeastern Asia,82,,,,,,,,
2020,Vietnam,Southeastern Asia,83,,,,,,,,
2020,Indonesia,Southeastern Asia,84,,,,,,,,
2020,Ivory Coast,Sub-Saharan Africa,85,,,,,,,,
2020,Benin,Sub-Saharan Africa,86,,,,,,,,
2020,Maldives,,87,,,,,,,,
2020,Congo (Brazzaville),Sub-Saharan Africa,88,,,,,,,,
2020,Azerbaijan,Central and Eastern Europe,89,,,,,,,,
2020,Macedonia,Central and Eastern Europe,90,,,,,,,,
2020,Ghana,Sub-Saharan Africa,91,,,,,,,,
2020,Nepal,Southern Asia,92,,,,,,,,
2020,Turkey,Middle East and Northern Africa,93,,,,,,,,
2020,China,Eastern Asia,94,,,,,,,,
2020,Turkmenistan,Central and Eastern Europe,95,,,,,,,,
2020,Bulgaria,Central and Eastern Europe,96,,,,,,,,
2020,Morocco,Middle East and Northern Africa,97,,,,,,,,
2020,Cameroon,Sub-Saharan Africa,98,,,,,,,,
2020,Venezuela,Latin America and Caribbean,99,,,,,,,,
2020,Algeria,Middle East and Northern Africa,100,,,,,,,,
2020,Senegal,Sub-Saharan Africa,101,,,,,,,,
2020,Guinea,Sub-Saharan Africa,102,,,,,,,,
2020,Niger,Sub-Saharan Africa,103,,,,,,,,
2020,Laos,Southeastern Asia,104,,,,,,,,
2020,Albania,Central and Eastern Europe,105,,,,,,,,
2020,Cambodia,Southeastern Asia,106,,,,,,,,
2020,Bangladesh,Southern Asia,107,,,,,,,,
2020,Gabon,Sub-Saharan Africa,108,,,,,,,,
2020,South Africa,Sub-Saharan Africa,109,,,,,,,,
2020,Iraq,Middle East and Northern Africa,110,,,,,,,,
2020,Lebanon,Middle East and Northern Africa,111,,,,,,,,
2020,Burkina Faso,Sub-Saharan Africa,112,,,,,,,,
2020,Gambia,,113,,,,,,,,
2020,Mali,Sub-Saharan Africa,114,,,,,,,,
2020,Nigeria,Sub-Saharan Africa,115,,,,,,,,
2020,Armenia,Central and Eastern Europe,116,,,,,,,,
2020,Georgia,Central and Eastern Europe,117,,,,,,,,
2020,Iran,Middle East and Northern Africa,118,,,,,,,,
2020,Jordan,Middle East and Northern Africa,119,,,,,,,,
2020,Mozambique,Sub-Saharan Africa,120,,,,,,,,
2020,Kenya,Sub-Saharan Africa,121,,,,,,,,
2020,Namibia,,122,,,,,,,,
2020,Ukraine,Central and Eastern Europe,123,,,,,,,,
2020,Liberia,Sub-Saharan Africa,124,,,,,,,,
2020,Palestinian Territories,Middle East and Northern Africa,125,,,,,,,,
2020,Uganda,Sub-Saharan Africa,126,,,,,,,,
2020,Chad,Sub-Saharan Africa,127,,,,,,,,
2020,Tunisia,Middle East and Northern Africa,128,,,,,,,,
2020,Mauritania,Sub-Saharan Africa,129,,,,,,,,
2020,Sri Lanka,Southern Asia,130,,,,,,,,
2020,Congo (Kinshasa),Sub-Saharan Africa,131,,,,,,,,
2020,Swaziland,Sub-Saharan Africa,132,,,,,,,,
2020,Myanmar,Southeastern Asia,133,,,,,,,,
2020,Comoros,Sub-Saharan Africa,134,,,,,,,,
2020,Togo,Sub-Saharan Africa,135,,,,,,,,
2020,Ethiopia,Sub-Saharan Africa,136,,,,,,,,
2020,Madagascar,Sub-Saharan Africa,137,,,,,,,,
2020,Egypt,Middle East and Northern Africa,138,,,,,,,,
2020,Sierra Leone,Sub-Saharan Africa,139,,,,,,,,
2020,Burundi,Sub-Saharan Africa,140,,,,,,,,
2020,Zambia,Sub-Saharan Africa,141,,,,,,,,
2020,Haiti,Latin America and Caribbean,142,,,,,,,,
2020,Lesotho,Sub-Saharan Africa,143,,,,,,,,
2020,India,Southern Asia,144,,,,,,,,
2020,Malawi,Sub-Saharan Africa,145,,,,,,,,
2020,Yemen,Middle East and Northern Africa,146,,,,,,,,
2020,Botswana,Sub-Saharan Africa,147,,,,,,,,
2020,Tanzania,Sub-Saharan Africa,148,,,,,,,,
2020,Central African Republic,Sub-Saharan Africa,149,,,,,,,,
2020,Rwanda,Sub-Saharan Africa,150,,,,,,,,
2020,Zimbabwe,Sub-Saharan Africa,151,,,,,,,,
2020,South Sudan,,152,,,,,,,,
2020,Afghanistan,Southern Asia,153,,,,,,,,
2019,Finland,Western Europe,1,,,,,,,,
2019,Denmark,Western Europe,2,,,,,,,,
2019,Norway,Western Europe,3,,,,,,,,
2019,Iceland,Western Europe,4,,,,,,,,
2019,Netherlands,Western Europe,5,,,,,,,,
2019,Switzerland,Western Europe,6,,,,,,,,
2019,Sweden,Western Europe,7,,,,,,,,
2019,New Zealand,Australia and New Zealand,8,,,,,,,,
2019,Canada,North America,9,,,,,,,,
2019,Austria,Western Europe,10,,,,,,,,
2019,Australia,Australia and New Zealand,11,,,,,,,,
2019,Costa Rica,Latin America and Caribbean,12,,,,,,,,
2019,Israel,Middle East and Northern Africa,13,,,,,,,,
2019,Luxembourg,Western Europe,14,,,,,,,,
2019,United Kingdom,Western Europe,15,,,,,,,,
2019,Ireland,Western Europe,16,,,,,,,,
2019,Germany,Western Europe,17,,,,,,,,
2019,Belgium,Western Europe,18,,,,,,,,
2019,United States,North America,19,,,,,,,,
2019,Czech Republic,Central and Eastern Europe,20,,,,,,,,
2019,United Arab Emirates,Middle East and Northern Africa,21,,,,,,,,
2019,Malta,Western Europe,22,,,,,,,,
2019,Mexico,Latin America and Caribbean,23,,,,,,,,
2019,France,Western Europe,24,,,,,,,,
2019,Taiwan,Eastern Asia,25,,,,,,,,
2019,Chile,Latin America and Caribbean,26,,,,,,,,
2019,Guatemala,Latin America and Caribbean,27,,,,,,,,
2019,Saudi Arabia,Middle East and Northern Africa,28,,,,,,,,
2019,Qatar,Middle East and Northern Africa,29,,,,,,,,
2019,Spain,Western Europe,30,,,,,,,,
2019,Panama,Latin America and Caribbean,31,,,,,,,,
2019,Brazil,Latin America and Caribbean,32,,,,,,,,
2019,Uruguay,Latin America and Caribbean,33,,,,,,,,
2019,Singapore,Southeastern Asia,34,,,,,,,,
2019,El Salvador,Latin America and Caribbean,35,,,,,,,,
2019,Italy,Western Europe,36,,,,,,,,
2019,Bahrain,Middle East and Northern Africa,37,,,,,,,,
2019,Slovakia,Central and Eastern Europe,38,,,,,,,,
2019,Trinidad & Tobago,,39,,,,,,,,
2019,Poland,Central and Eastern Europe,40,,,,,,,,
2019,Uzbekistan,Central and Eastern Europe,41,,,,,,,,
2019,Lithuania,Central and Eastern Europe,42,,,,,,,,
2019,Colombia,Latin America and Caribbean,43,,,,,,,,
2019,Slovenia,Central and Eastern Europe,44,,,,,,,,
2019,Nicaragua,Latin America and Caribbean,45,,,,,,,,
2019,Kosovo,Central and Eastern Europe,46,,,,,,,,
2019,Argentina,Latin America and Caribbean,47,,,,,,,,
2019,Romania,Central and Eastern Europe,48,,,,,,,,
2019,Cyprus,Western Europe,49,,,,,,,,
2019,Ecuador,Latin America and Caribbean,50,,,,,,,,
2019,Kuwait,Middle East and Northern Africa,51,,,,,,,,
2019,Thailand,Southeastern Asia,52,,,,,,,,
2019,Latvia,Central and Eastern Europe,53,,,,,,,,
2019,South Korea,Eastern Asia,54,,,,,,,,
2019,Estonia,Central and Eastern Europe,55,,,,,,,,
2019,Jamaica,Latin America and Caribbean,56,,,,,,,,
2019,Mauritius,Sub-Saharan Africa,57,,,,,,,,
2019,Japan,Eastern Asia,58,,,,,,,,
2019,Honduras,Latin America and Caribbean,59,,,,,,,,
2019,Kazakhstan,Central and Eastern Europe,60,,,,,,,,
2019,Bolivia,Latin America and Caribbean,61,,,,,,,,
2019,Hungary,Central and Eastern Europe,62,,,,,,,,
2019,Paraguay,Latin America and Caribbean,63,,,,,,,,
2019,Northern Cyprus,,64,,,,,,,,
2019,Peru,Latin America and Caribbean,65,,,,,,,,
2019,Portugal,Western Europe,66,,,,,,,,
2019,Pakistan,Southern Asia,67,,,,,,,,
2019,Russia,Central and Eastern Europe,68,,,,,,,,
2019,Philippines,Southeastern Asia,69,,,,,,,,
2019,Serbia,Central and Eastern Europe,70,,,,,,,,
2019,Moldova,Central and Eastern Europe,71,,,,,,,,
2019,Libya,Middle East and Northern Africa,72,,,,,,,,
2019,Montenegro,Central and Eastern Europe,73,,,,,,,,
2019,Tajikistan,Central and Eastern Europe,74,,,,,,,,
2019,Croatia,Central and Eastern Europe,75,,,,,,,,
2019,Hong Kong,Eastern Asia,76,,,,,,,,
2019,Dominican Republic,Latin America and Caribbean,77,,,,,,,,
2019,Bosnia and Herzegovina,Central and Eastern Europe,78,,,,,,,,
2019,Turkey,Middle East and Northern Africa,79,,,,,,,,
2019,Malaysia,Southeastern Asia,80,,,,,,,,
2019,Belarus,Central and Eastern Europe,81,,,,,,,,
2019,Greece,Western Europe,82,,,,,,,,
2019,Mongolia,Eastern Asia,83,,,,,,,,
2019,North Macedonia,,84,,,,,,,,
2019,Nigeria,Sub-Saharan Africa,85,,,,,,,,
2019,Kyrgyzstan,Central and Eastern Europe,86,,,,,,,,
2019,Turkmenistan,Central and Eastern Europe,87,,,,,,,,
2019,Algeria,Middle East and Northern Africa,88,,,,,,,,
2019,Morocco,Middle East and Northern Africa,89,,,,,,,,
2019,Azerbaijan,Central and Eastern Europe,90,,,,,,,,
2019,Lebanon,Middle East and Northern Africa,91,,,,,,,,
2019,Indonesia,Southeastern Asia,92,,,,,,,,
2019,China,Eastern Asia,93,,,,,,,,
2019,Vietnam,Southeastern Asia,94,,,,,,,,
2019,Bhutan,Southern Asia,95,,,,,,,,
2019,Cameroon,Sub-Saharan Africa,96,,,,,,,,
2019,Bulgaria,Central and Eastern Europe,97,,,,,,,,
2019,Ghana,Sub-Saharan Africa,98,,,,,,,,
2019,Ivory Coast,Sub-Saharan Africa,99,,,,,,,,
2019,Nepal,Southern Asia,100,,,,,,,,
2019,Jordan,Middle East and Northern Africa,101,,,,,,,,
2019,Benin,Sub-Saharan Africa,102,,,,,,,,
2019,Congo (Brazzaville),Sub-Saharan Africa,103,,,,,,,,
2019,Gabon,Sub-Saharan Africa,104,,,,,,,,
2019,Laos,Southeastern Asia,105,,,,,,,,
2019,South Africa,Sub-Saharan Africa,106,,,,,,,,
2019,Albania,Central and Eastern Europe,107,,,,,,,,
2019,Venezuela,Latin America and Caribbean,108,,,,,,,,
2019,Cambodia,Southeastern Asia,109,,,,,,,,
2019,Palestinian Territories,Middle East and Northern Africa,110,,,,,,,,
2019,Senegal,Sub-Saharan Africa,111,,,,,,,,
2019,Somalia,,112,,,,,,,,
2019,Namibia,,113,,,,,,,,
2019,Niger,Sub-Saharan Africa,114,,,,,,,,
2019,Burkina Faso,Sub-Saharan Africa,115,,,,,,,,
2019,Armenia,Central and Eastern Europe,116,,,,,,,,
2019,Iran,Middle East and Northern Africa,117,,,,,,,,
2019,Guinea,Sub-Saharan Africa,118,,,,,,,,
2019,Georgia,Central and Eastern Europe,119,,,,,,,,
2019,Gambia,,120,,,,,,,,
2019,Kenya,Sub-Saharan Africa,121,,,,,,,,
2019,Mauritania,Sub-Saharan Africa,122,,,,,,,,
2019,Mozambique,Sub-Saharan Africa,123,,,,,,,,
2019,Tunisia,Middle East and Northern Africa,124,,,,,,,,
2019,Bangladesh,Southern Asia,125,,,,,,,,
2019,Iraq,Middle East and Northern Africa,126,,,,,,,,
2019,Congo (Kinshasa),Sub-Saharan Africa,127,,,,,,,,
2019,Mali,Sub-Saharan Africa,128,,,,,,,,
2019,Sierra Leone,Sub-Saharan Africa,129,,,,,,,,
2019,Sri Lanka,Southern Asia,130,,,,,,,,
2019,Myanmar,Southeastern Asia,131,,,,,,,,
2019,Chad,Sub-Saharan Africa,132,,,,,,,,
2019,Ukraine,Central and Eastern Europe,133,,,,,,,,
2019,Ethiopia,Sub-Saharan Africa,134,,,,,,,,
2019,Swaziland,Sub-Saharan Africa,135,,,,,,,,
2019,Uganda,Sub-Saharan Africa,136,,,,,,,,
2019,Egypt,Middle East and Northern Africa,137,,,,,,,,
2019,Zambia,Sub-Saharan Africa,138,,,,,,,,
2019,Togo,Sub-Saharan Africa,139,,,,,,,,
2019,India,Southern Asia,140,,,,,,,,
2019,Liberia,Sub-Saharan Africa,141,,,,,,,,
2019,Comoros,Sub-Saharan Africa,142,,,,,,,,
2019,Madagascar,Sub-Saharan Africa,143,,,,,,,,
2019,Lesotho,Sub-Saharan Africa,144,,,,,,,,
2019,Burundi,Sub-Saharan Africa,145,,,,,,,,
2019,Zimbabwe,Sub-Saharan Africa,146,,,,,,,,
2019,Haiti,Latin America and Caribbean,147,,,,,,,,
2019,Botswana,Sub-Saharan Africa,148,,,,,,,,
2019,Syria,Middle East and Northern Africa,149,,,,,,,,
2019,Malawi,Sub-Saharan Africa,150,,,,,,,,
2019,Yemen,Middle East and Northern Africa,151,,,,,,,,
2019,Rwanda,Sub-Saharan Africa,152,,,,,,,,
2019,Tanzania,Sub-Saharan Africa,153,,,,,,,,
2019,Afghanistan,Southern Asia,154,,,,,,,,
2019,Central African Republic,Sub-Saharan Africa,155,,,,,,,,
2019,South Sudan,,156,,,,,,,,
2018,Finland,Western Europe,1,,,,,,,,
2018,Norway,Western Europe,2,,,,,,,,
2018,Denmark,Western Europe,3,,,,,,,,
2018,Iceland,Western Europe,4,,,,,,,,
2018,Switzerland,Western Europe,5,,,,,,,,
2018,Netherlands,Western Europe,6,,,,,,,,
2018,Canada,North America,7,,,,,,,,
2018,New Zealand,Australia and New Zealand,8,,,,,,,,
2018,Sweden,Western Europe,9,,,,,,,,
2018,Australia,Australia and New Zealand,10,,,,,,,,
2018,United Kingdom,Western Europe,11,,,,,,,,
2018,Austria,Western Europe,12,,,,,,,,
2018,Costa Rica,Latin America and Caribbean,13,,,,,,,,
2018,Ireland,Western Europe,14,,,,,,,,
2018,Germany,Western Europe,15,,,,,,,,
2018,Belgium,Western Europe,16,,,,,,,,
2018,Luxembourg,Western Europe,17,,,,,,,,
2018,United States,North America,18,,,,,,,,
2018,Israel,Middle East and Northern Africa,19,,,,,,,,
2018,United Arab Emirates,Middle East and Northern Africa,20,,,,,,,,
2018,Czech Republic,Central and Eastern Europe,21,,,,,,,,
2018,Malta,Western Europe,22,,,,,,,,
2018,France,Western Europe,23,,,,,,,,
2018,Mexico,Latin America and Caribbean,24,,,,,,,,
2018,Chile,Latin America and Caribbean,25,,,,,,,,
2018,Taiwan,Eastern Asia,26,,,,,,,,
2018,Panama,Latin America and Caribbean,27,,,,,,,,
2018,Brazil,Latin America and Caribbean,28,,,,,,,,
2018,Argentina,Latin America and Caribbean,29,,,,,,,,
2018,Guatemala,Latin America and Caribbean,30,,,,,,,,
2018,Uruguay,Latin America and Caribbean,31,,,,,,,,
2018,Qatar,Middle East and Northern Africa,32,,,,,,,,
2018,Saudi Arabia,Middle East and Northern Africa,33,,,,,,,,
2018,Singapore,Southeastern Asia,34,,,,,,,,
2018,Malaysia,Southeastern Asia,35,,,,,,,,
2018,Spain,Western Europe,36,,,,,,,,
2018,Colombia,Latin America and Caribbean,37,,,,,,,,
2018,Trinidad & Tobago,,38,,,,,,,,
2018,Slovakia,Central and Eastern Europe,39,,,,,,,,
2018,El Salvador,Latin America and Caribbean,40,,,,,,,,
2018,Nicaragua,Latin America and Caribbean,41,,,,,,,,
2018,Poland,Central and Eastern Europe,42,,,,,,,,
2018,Bahrain,Middle East and Northern Africa,43,,,,,,,,
2018,Uzbekistan,Central and Eastern Europe,44,,,,,,,,
2018,Kuwait,Middle East and Northern Africa,45,,,,,,,,
2018,Thailand,Southeastern Asia,46,,,,,,,,
2018,Italy,Western Europe,47,,,,,,,,
2018,Ecuador,Latin America and Caribbean,48,,,,,,,,
2018,Belize,,49,,,,,,,,
2018,Lithuania,Central and Eastern Europe,50,,,,,,,,
2018,Slovenia,Central and Eastern Europe,51,,,,,,,,
2018,Romania,Central and Eastern Europe,52,,,,,,,,
2018,Latvia,Central and Eastern Europe,53,,,,,,,,
2018,Japan,Eastern Asia,54,,,,,,,,
2018,Mauritius,Sub-Saharan Africa,55,,,,,,,,
2018,Jamaica,Latin America and Caribbean,56,,,,,,,,
2018,South Korea,Eastern Asia,57,,,,,,,,
2018,Northern Cyprus,,58,,,,,,,,
2018,Russia,Central and Eastern Europe,59,,,,,,,,
2018,Kazakhstan,Central and Eastern Europe,60,,,,,,,,
2018,Cyprus,Western Europe,61,,,,,,,,
2018,Bolivia,Latin America and Caribbean,62,,,,,,,,
2018,Estonia,Central and Eastern Europe,63,,,,,,,,
2018,Paraguay,Latin America and Caribbean,64,,,,,,,,
2018,Peru,Latin America and Caribbean,65,,,,,,,,
2018,Kosovo,Central and Eastern Europe,66,,,,,,,,
2018,Moldova,Central and Eastern Europe,67,,,,,,,,
2018,Turkmenistan,Central and Eastern Europe,68,,,,,,,,
2018,Hungary,Central and Eastern Europe,69,,,,,,,,
2018,Libya,Middle East and Northern Africa,70,,,,,,,,
2018,Philippines,Southeastern Asia,71,,,,,,,,
2018,Honduras,Latin America and Caribbean,72,,,,,,,,
2018,Belarus,Central and Eastern Europe,73,,,,,,,,
2018,Turkey,Middle East and Northern Africa,74,,,,,,,,
2018,Pakistan,Southern Asia,75,,,,,,,,
2018,Hong Kong,Eastern Asia,76,,,,,,,,
2018,Portugal,Western Europe,77,,,,,,,,
2018,Serbia,Central and Eastern Europe,78,,,,,,,,
2018,Greece,Western Europe,79,,,,,,,,
2018,Lebanon,Middle East and Northern Africa,80,,,,,,,,
2018,Montenegro,Central and Eastern Europe,81,,,,,,,,
2018,Croatia,Central and Eastern Europe,82,,,,,,,,
2018,Dominican Republic,Latin America and Caribbean,83,,,,,,,,
2018,Algeria,Middle East and Northern Africa,84,,,,,,,,
2018,Morocco,Middle East and Northern Africa,85,,,,,,,,
2018,China,Eastern Asia,86,,,,,,,,
2018,Azerbaijan,Central and Eastern Europe,87,,,,,,,,
2018,Tajikistan,Central and Eastern Europe,88,,,,,,,,
2018,Macedonia,Central and Eastern Europe,89,,,,,,,,
2018,Jordan,Middle East and Northern Africa,90,,,,,,,,
2018,Nigeria,Sub-Saharan Africa,91,,,,,,,,
2018,Kyrgyzstan,Central and Eastern Europe,92,,,,,,,,
2018,Bosnia and Herzegovina,Central and Eastern Europe,93,,,,,,,,
2018,Mongolia,Eastern Asia,94,,,,,,,,
2018,Vietnam,Southeastern Asia,95,,,,,,,,
2018,Indonesia,Southeastern Asia,96,,,,,,,,
2018,Bhutan,Southern Asia,97,,,,,,,,
2018,Somalia,,98,,,,,,,,
2018,Cameroon,Sub-Saharan Africa,99,,,,,,,,
2018,Bulgaria,Central and Eastern Europe,100,,,,,,,,
2018,Nepal,Southern Asia,101,,,,,,,,
2018,Venezuela,Latin America and Caribbean,102,,,,,,,,
2018,Gabon,Sub-Saharan Africa,103,,,,,,,,
2018,Palestinian Territories,Middle East and Northern Africa,104,,,,,,,,
2018,South Africa,Sub-Saharan Africa,105,,,,,,,,
2018,Iran,Middle East and Northern Africa,106,,,,,,,,
2018,Ivory Coast,Sub-Saharan Africa,107,,,,,,,,
2018,Ghana,Sub-Saharan Africa,108,,,,,,,,
2018,Senegal,Sub-Saharan Africa,109,,,,,,,,
2018,Laos,Southeastern Asia,110,,,,,,,,
2018,Tunisia,Middle East and Northern Africa,111,,,,,,,,
2018,Albania,Central and Eastern Europe,112,,,,,,,,
2018,Sierra Leone,Sub-Saharan Africa,113,,,,,,,,
2018,Congo (Brazzaville),Sub-Saharan Africa,114,,,,,,,,
2018,Bangladesh,Southern Asia,115,,,,,,,,
2018,Sri Lanka,Southern Asia,116,,,,,,,,
2018,Iraq,Middle East and Northern Africa,117,,,,,,,,
2018,Mali,Sub-Saharan Africa,118,,,,,,,,
2018,Namibia,,119,,,,,,,,
2018,Cambodia,Southeastern Asia,120,,,,,,,,
2018,Burkina Faso,Sub-Saharan Africa,121,,,,,,,,
2018,Egypt,Middle East and Northern Africa,122,,,,,,,,
2018,Mozambique,Sub-Saharan Africa,123,,,,,,,,
2018,Kenya,Sub-Saharan Africa,124,,,,,,,,
2018,Zambia,Sub-Saharan Africa,125,,,,,,,,
2018,Mauritania,Sub-Saharan Africa,126,,,,,,,,
2018,Ethiopia,Sub-Saharan Africa,127,,,,,,,,
2018,Georgia,Central and Eastern Europe,128,,,,,,,,
2018,Armenia,Central and Eastern Europe,129,,,,,,,,
2018,Myanmar,Southeastern Asia,130,,,,,,,,
2018,Chad,Sub-Saharan Africa,131,,,,,,,,
2018,Congo (Kinshasa),Sub-Saharan Africa,132,,,,,,,,
2018,India,Southern Asia,133,,,,,,,,
2018,Niger,Sub-Saharan Africa,134,,,,,,,,
2018,Uganda,Sub-Saharan Africa,135,,,,,,,,
2018,Benin,Sub-Saharan Africa,136,,,,,,,,
2018,Sudan,Sub-Saharan Africa,137,,,,,,,,
2018,Ukraine,Central and Eastern Europe,138,,,,,,,,
2018,Togo,Sub-Saharan Africa,139,,,,,,,,
2018,Guinea,Sub-Saharan Africa,140,,,,,,,,
2018,Lesotho,Sub-Saharan Africa,141,,,,,,,,
2018,Angola,Sub-Saharan Africa,142,,,,,,,,
2018,Madagascar,Sub-Saharan Africa,143,,,,,,,,
2018,Zimbabwe,Sub-Saharan Africa,144,,,,,,,,
2018,Afghanistan,Southern Asia,145,,,,,,,,
2018,Botswana,Sub-Saharan Africa,146,,,,,,,,
2018,Malawi,Sub-Saharan Africa,147,,,,,,,,
2018,Haiti,Latin America and Caribbean,148,,,,,,,,
2018,Liberia,Sub-Saharan Africa,149,,,,,,,,
2018,Syria,Middle East and Northern Africa,150,,,,,,,,
2018,Rwanda,Sub-Saharan Africa,151,,,,,,,,
2018,Yemen,Middle East and Northern Africa,152,,,,,,,,
2018,Tanzania,Sub-Saharan Africa,153,,,,,,,,
2018,South Sudan,,154,,,,,,,,
2018,Central African Republic,Sub-Saharan Africa,155,,,,,,,,
2018,Burundi,Sub-Saharan Africa,156,,,,,,,,
2017,Norway,Western Europe,1,,,,,,,,
2017,Denmark,Western Europe,2,,,,,,,,
2017,Iceland,Western Europe,3,,,,,,,,
2017,Switzerland,Western Europe,4,,,,,,,,
2017,Finland,Western Europe,5,,,,,,,,
2017,Netherlands,Western Europe,6,,,,,,,,
2017,Canada,North America,7,,,,,,,,
2017,New Zealand,Australia and New Zealand,8,,,,,,,,
2017,Sweden,Western Europe,9,,,,,,,,
2017,Australia,Australia and New Zealand,10,,,,,,,,
2017,Israel,Middle East and Northern Africa,11,,,,,,,,
2017,Costa Rica,Latin America and Caribbean,12,,,,,,,,
2017,Austria,Western Europe,13,,,,,,,,
2017,United States,North America,14,,,,,,,,
2017,Ireland,Western Europe,15,,,,,,,,
2017,Germany,Western Europe,16,,,,,,,,
2017,Belgium,Western Europe,17,,,,,,,,
2017,Luxembourg,Western Europe,18,,,,,,,,
2017,United Kingdom,Western Europe,19,,,,,,,,
2017,Chile,Latin America and Caribbean,20,,,,,,,,
2017,United Arab Emirates,Middle East and Northern Africa,21,,,,,,,,
2017,Brazil,Latin America and Caribbean,22,,,,,,,,
2017,Czech Republic,Central and Eastern Europe,23,,,,,,,,
2017,Argentina,Latin America and Caribbean,24,,,,,,,,
2017,Mexico,Latin America and Caribbean,25,,,,,,,,
2017,Singapore,Southeastern Asia,26,,,,,,,,
2017,Malta,Western Europe,27,,,,,,,,
2017,Uruguay,Latin America and Caribbean,28,,,,,,,,
2017,Guatemala,Latin America and Caribbean,29,,,,,,,,
2017,Panama,Latin America and Caribbean,30,,,,,,,,
2017,France,Western Europe,31,,,,,,,,
2017,Thailand,Southeastern Asia,32,,,,,,,,
2017,Taiwan Province of China,,33,,,,,,,,
2017,Spain,Western Europe,34,,,,,,,,
2017,Qatar,Middle East and Northern Africa,35,,,,,,,,
2017,Colombia,Latin America and Caribbean,36,,,,,,,,
2017,Saudi Arabia,Middle East and Northern Africa,37,,,,,,,,
2017,Trinidad and Tobago,Latin America and Caribbean,38,,,,,,,,
2017,Kuwait,Middle East and Northern Africa,39,,,,,,,,
2017,Slovakia,Central and Eastern Europe,40,,,,,,,,
2017,Bahrain,Middle East and Northern Africa,41,,,,,,,,
2017,Malaysia,Southeastern Asia,42,,,,,,,,
2017,Nicaragua,Latin America and Caribbean,43,,,,,,,,
2017,Ecuador,Latin America and Caribbean,44,,,,,,,,
2017,El Salvador,Latin America and Caribbean,45,,,,,,,,
2017,Poland,Central and Eastern Europe,46,,,,,,,,
2017,Uzbekistan,Central and Eastern Europe,47,,,,,,,,
2017,Italy,Western Europe,48,,,,,,,,
2017,Russia,Central and Eastern Europe,49,,,,,,,,
2017,Belize,,50,,,,,,,,
2017,Japan,Eastern Asia,51,,,,,,,,
2017,Lithuania,Central and Eastern Europe,52,,,,,,,,
2017,Algeria,Middle East and Northern Africa,53,,,,,,,,
2017,Latvia,Central and Eastern Europe,54,,,,,,,,
2017,South Korea,Eastern Asia,55,,,,,,,,
2017,Moldova,Central and Eastern Europe,56,,,,,,,,
2017,Romania,Central and Eastern Europe,57,,,,,,,,
2017,Bolivia,Latin America and Caribbean,58,,,,,,,,
2017,Turkmenistan,Central and Eastern Europe,59,,,,,,,,
2017,Kazakhstan,Central and Eastern Europe,60,,,,,,,,
2017,North Cyprus,Western Europe,61,,,,,,,,
2017,Slovenia,Central and Eastern Europe,62,,,,,,,,
2017,Peru,Latin America and Caribbean,63,,,,,,,,
2017,Mauritius,Sub-Saharan Africa,64,,,,,,,,
2017,Cyprus,Western Europe,65,,,,,,,,
2017,Estonia,Central and Eastern Europe,66,,,,,,,,
2017,Belarus,Central and Eastern Europe,67,,,,,,,,
2017,Libya,Middle East and Northern Africa,68,,,,,,,,
2017,Turkey,Middle East and Northern Africa,69,,,,,,,,
2017,Paraguay,Latin America and Caribbean,70,,,,,,,,
2017,"Hong Kong S.A.R., China",,71,,,,,,,,
2017,Philippines,Southeastern Asia,72,,,,,,,,
2017,Serbia,Central and Eastern Europe,73,,,,,,,,
2017,Jordan,Middle East and Northern Africa,74,,,,,,,,
2017,Hungary,Central and Eastern Europe,75,,,,,,,,
2017,Jamaica,Latin America and Caribbean,76,,,,,,,,
2017,Croatia,Central and Eastern Europe,77,,,,,,,,
2017,Kosovo,Central and Eastern Europe,78,,,,,,,,
2017,China,Eastern Asia,79,,,,,,,,
2017,Pakistan,Southern Asia,80,,,,,,,,
2017,Indonesia,Southeastern Asia,81,,,,,,,,
2017,Venezuela,Latin America and Caribbean,82,,,,,,,,
2017,Montenegro,Central and Eastern Europe,83,,,,,,,,
2017,Morocco,Middle East and Northern Africa,84,,,,,,,,
2017,Azerbaijan,Central and Eastern Europe,85,,,,,,,,
2017,Dominican Republic,Latin America and Caribbean,86,,,,,,,,
2017,Greece,Western Europe,87,,,,,,,,
2017,Lebanon,Middle East and Northern Africa,88,,,,,,,,
2017,Portugal,Western Europe,89,,,,,,,,
2017,Bosnia and Herzegovina,Central and Eastern Europe,90,,,,,,,,
2017,Honduras,Latin America and Caribbean,91,,,,,,,,
2017,Macedonia,Central and Eastern Europe,92,,,,,,,,
2017,Somalia,,93,,,,,,,,
2017,Vietnam,Southeastern Asia,94,,,,,,,,
2017,Nigeria,Sub-Saharan Africa,95,,,,,,,,
2017,Tajikistan,Central and Eastern Europe,96,,,,,,,,
2017,Bhutan,Southern Asia,97,,,,,,,,
2017,Kyrgyzstan,Central and Eastern Europe,98,,,,,,,,
2017,Nepal,Southern Asia,99,,,,,,,,
2017,Mongolia,Eastern Asia,100,,,,,,,,
2017,South Africa,Sub-Saharan Africa,101,,,,,,,,
2017,Tunisia,Middle East and Northern Africa,102,,,,,,,,
2017,Palestinian Territories,Middle East and Northern Africa,103,,,,,,,,
2017,Egypt,Middle East and Northern Africa,104,,,,,,,,
2017,Bulgaria,Central and Eastern Europe,105,,,,,,,,
2017,Sierra Leone,Sub-Saharan Africa,106,,,,,,,,
2017,Cameroon,Sub-Saharan Africa,107,,,,,,,,
2017,Iran,Middle East and Northern Africa,108,,,,,,,,
2017,Albania,Central and Eastern Europe,109,,,,,,,,
2017,Bangladesh,Southern Asia,110,,,,,,,,
2017,Namibia,,111,,,,,,,,
2017,Kenya,Sub-Saharan Africa,112,,,,,,,,
2017,Mozambique,Sub-Saharan Africa,113,,,,,,,,
2017,Myanmar,Southeastern Asia,114,,,,,,,,
2017,Senegal,Sub-Saharan Africa,115,,,,,,,,
2017,Zambia,Sub-Saharan Africa,116,,,,,,,,
2017,Iraq,Middle East and Northern Africa,117,,,,,,,,
2017,Gabon,Sub-Saharan Africa,118,,,,,,,,
2017,Ethiopia,Sub-Saharan Africa,119,,,,,,,,
2017,Sri Lanka,Southern Asia,120,,,,,,,,
2017,Armenia,Central and Eastern Europe,121,,,,,,,,
2017,India,Southern Asia,122,,,,,,,,
2017,Mauritania,Sub-Saharan Africa,123,,,,,,,,
2017,Congo (Brazzaville),Sub-Saharan Africa,124,,,,,,,,
2017,Georgia,Central and Eastern Europe,125,,,,,,,,
2017,Congo (Kinshasa),Sub-Saharan Africa,126,,,,,,,,
2017,Mali,Sub-Saharan Africa,127,,,,,,,,
2017,Ivory Coast,Sub-Saharan Africa,128,,,,,,,,
2017,Cambodia,Southeastern Asia,129,,,,,,,,
2017,Sudan,Sub-Saharan Africa,130,,,,,,,,
2017,Ghana,Sub-Saharan Africa,131,,,,,,,,
2017,Ukraine,Central and Eastern Europe,132,,,,,,,,
2017,Uganda,Sub-Saharan Africa,133,,,,,,,,
2017,Burkina Faso,Sub-Saharan Africa,134,,,,,,,,
2017,Niger,Sub-Saharan Africa,135,,,,,,,,
2017,Malawi,Sub-Saharan Africa,136,,,,,,,,
2017,Chad,Sub-Saharan Africa,137,,,,,,,,
2017,Zimbabwe,Sub-Saharan Africa,138,,,,,,,,
2017,Lesotho,Sub-Saharan Africa,139,,,,,,,,
2017,Angola,Sub-Saharan Africa,140,,,,,,,,
2017,Afghanistan,Southern Asia,141,,,,,,,,
2017,Botswana,Sub-Saharan Africa,142,,,,,,,,
2017,Benin,Sub-Saharan Africa,143,,,,,,,,
2017,Madagascar,Sub-Saharan Africa,144,,,,,,,,
2017,Haiti,Latin America and Caribbean,145,,,,,,,,
2017,Yemen,Middle East and Northern Africa,146,,,,,,,,
2017,South Sudan,,147,,,,,,,,
2017,Liberia,Sub-Saharan Africa,148,,,,,,,,
2017,Guinea,Sub-Saharan Africa,149,,,,,,,,
2017,Togo,Sub-Saharan Africa,150,,,,,,,,
2017,Rwanda,Sub-Saharan Africa,151,,,,,,,,
2017,Syria,Middle East and Northern Africa,152,,,,,,,,
2017,Tanzania,Sub-Saharan Africa,153,,,,,,,,
2017,Burundi,Sub-Saharan Africa,154,,,,,,,,
2017,Central African Republic,Sub-Saharan Africa,155,,,,,,,,
2016,Denmark,Western Europe,1,,,,,,,,
2016,Switzerland,Western Europe,2,,,,,,,,
2016,Iceland,Western Europe,3,,,,,,,,
2016,Norway,Western Europe,4,,,,,,,,
2016,Finland,Western Europe,5,,,,,,,,
2016,Canada,North America,6,,,,,,,,
2016,Netherlands,Western Europe,7,,,,,,,,
2016,New Zealand,Australia and New Zealand,8,,,,,,,,
2016,Australia,Australia and New Zealand,9,,,,,,,,
2016,Sweden,Western Europe,10,,,,,,,,
2016,Israel,Middle East and Northern Africa,11,,,,,,,,
2016,Austria,Western Europe,12,,,,,,,,
2016,United States,North America,13,,,,,,,,
2016,Costa Rica,Latin America and Caribbean,14,,,,,,,,
2016,Puerto Rico,Latin America and Caribbean,15,,,,,,,,
2016,Germany,Western Europe,16,,,,,,,,
2016,Brazil,Latin America and Caribbean,17,,,,,,,,
2016,Belgium,Western Europe,18,,,,,,,,
2016,Ireland,Western Europe,19,,,,,,,,
2016,Luxembourg,Western Europe,20,,,,,,,,
2016,Mexico,Latin America and Caribbean,21,,,,,,,,
2016,Singapore,Southeastern Asia,22,,,,,,,,
2016,United Kingdom,Western Europe,23,,,,,,,,
2016,Chile,Latin America and Caribbean,24,,,,,,,,
2016,Panama,Latin America and Caribbean,25,,,,,,,,
2016,Argentina,Latin America and Caribbean,26,,,,,,,,
2016,Czech Republic,Central and Eastern Europe,27,,,,,,,,
2016,United Arab Emirates,Middle East and Northern Africa,28,,,,,,,,
2016,Uruguay,Latin America and Caribbean,29,,,,,,,,
2016,Malta,Western Europe,30,,,,,,,,
2016,Colombia,Latin America and Caribbean,31,,,,,,,,
2016,France,Western Europe,32,,,,,,,,
2016,Thailand,Southeastern Asia,33,,,,,,,,
2016,Saudi Arabia,Middle East and Northern Africa,34,,,,,,,,
2016,Taiwan,Eastern Asia,34,,,,,,,,
2016,Qatar,Middle East and Northern Africa,36,,,,,,,,
2016,Spain,Western Europe,37,,,,,,,,
2016,Algeria,Middle East and Northern Africa,38,,,,,,,,
2016,Guatemala,Latin America and Caribbean,39,,,,,,,,
2016,Suriname,Latin America and Caribbean,40,,,,,,,,
2016,Kuwait,Middle East and Northern Africa,41,,,,,,,,
2016,Bahrain,Middle East and Northern Africa,42,,,,,,,,
2016,Trinidad and Tobago,Latin America and Caribbean,43,,,,,,,,
2016,Venezuela,Latin America and Caribbean,44,,,,,,,,
2016,Slovakia,Central and Eastern Europe,45,,,,,,,,
2016,El Salvador,Latin America and Caribbean,46,,,,,,,,
2016,Malaysia,Southeastern Asia,47,,,,,,,,
2016,Nicaragua,Latin America and Caribbean,48,,,,,,,,
2016,Uzbekistan,Central and Eastern Europe,49,,,,,,,,
2016,Italy,Western Europe,50,,,,,,,,
2016,Ecuador,Latin America and Caribbean,51,,,,,,,,
2016,Belize,Latin America and Caribbean,52,,,,,,,,
2016,Japan,Eastern Asia,53,,,,,,,,
2016,Kazakhstan,Central and Eastern Europe,54,,,,,,,,
2016,Moldova,Central and Eastern Europe,55,,,,,,,,
2016,Russia,Central and Eastern Europe,56,,,,,,,,
2016,Poland,Central and Eastern Europe,57,,,,,,,,
2016,South Korea,Eastern Asia,57,,,,,,,,
2016,Bolivia,Latin America and Caribbean,59,,,,,,,,
2016,Lithuania,Central and Eastern Europe,60,,,,,,,,
2016,Belarus,Central and Eastern Europe,61,,,,,,,,
2016,North Cyprus,Western Europe,62,,,,,,,,
2016,Slovenia,Central and Eastern Europe,63,,,,,,,,
2016,Peru,Latin America and Caribbean,64,,,,,,,,
2016,Turkmenistan,Central and Eastern Europe,65,,,,,,,,
2016,Mauritius,Sub-Saharan Africa,66,,,,,,,,
2016,Libya,Middle East and Northern Africa,67,,,,,,,,
2016,Latvia,Central and Eastern Europe,68,,,,,,,,
2016,Cyprus,Western Europe,69,,,,,,,,
2016,Paraguay,Latin America and Caribbean,70,,,,,,,,
2016,Romania,Central and Eastern Europe,71,,,,,,,,
2016,Estonia,Central and Eastern Europe,72,,,,,,,,
2016,Jamaica,Latin America and Caribbean,73,,,,,,,,
2016,Croatia,Central and Eastern Europe,74,,,,,,,,
2016,Hong Kong,Eastern Asia,75,,,,,,,,
2016,Somalia,Sub-Saharan Africa,76,,,,,,,,
2016,Kosovo,Central and Eastern Europe,77,,,,,,,,
2016,Turkey,Middle East and Northern Africa,78,,,,,,,,
2016,Indonesia,Southeastern Asia,79,,,,,,,,
2016,Jordan,Middle East and Northern Africa,80,,,,,,,,
2016,Azerbaijan,Central and Eastern Europe,81,,,,,,,,
2016,Philippines,Southeastern Asia,82,,,,,,,,
2016,China,Eastern Asia,83,,,,,,,,
2016,Bhutan,Southern Asia,84,,,,,,,,
2016,Kyrgyzstan,Central and Eastern Europe,85,,,,,,,,
2016,Serbia,Central and Eastern Europe,86,,,,,,,,
2016,Bosnia and Herzegovina,Central and Eastern Europe,87,,,,,,,,
2016,Montenegro,Central and Eastern Europe,88,,,,,,,,
2016,Dominican Republic,Latin America and Caribbean,89,,,,,,,,
2016,Morocco,Middle East and Northern Africa,90,,,,,,,,
2016,Hungary,Central and Eastern Europe,91,,,,,,,,
2016,Pakistan,Southern Asia,92,,,,,,,,
2016,Lebanon,Middle East and Northern Africa,93,,,,,,,,
2016,Portugal,Western Europe,94,,,,,,,,
2016,Macedonia,Central and Eastern Europe,95,,,,,,,,
2016,Vietnam,Southeastern Asia,96,,,,,,,,
2016,Somaliland Region,Sub-Saharan Africa,97,,,,,,,,
2016,Tunisia,Middle East and Northern Africa,98,,,,,,,,
2016,Greece,Western Europe,99,,,,,,,,
2016,Tajikistan,Central and Eastern Europe,100,,,,,,,,
2016,Mongolia,Eastern Asia,101,,,,,,,,
2016,Laos,Southeastern Asia,102,,,,,,,,
2016,Nigeria,Sub-Saharan Africa,103,,,,,,,,
2016,Honduras,Latin America and Caribbean,104,,,,,,,,
2016,Iran,Middle East and Northern Africa,105,,,,,,,,
2016,Zambia,Sub-Saharan Africa,106,,,,,,,,
2016,Nepal,Southern Asia,107,,,,,,,,
2016,Palestinian Territories,Middle East and Northern Africa,108,,,,,,,,
2016,Albania,Central and Eastern Europe,109,,,,,,,,
2016,Bangladesh,Southern Asia,110,,,,,,,,
2016,Sierra Leone,Sub-Saharan Africa,111,,,,,,,,
2016,Iraq,Middle East and Northern Africa,112,,,,,,,,
2016,Namibia,Sub-Saharan Africa,113,,,,,,,,
2016,Cameroon,Sub-Saharan Africa,114,,,,,,,,
2016,Ethiopia,Sub-Saharan Africa,115,,,,,,,,
2016,South Africa,Sub-Saharan Africa,116,,,,,,,,
2016,Sri Lanka,Southern Asia,117,,,,,,,,
2016,India,Southern Asia,118,,,,,,,,
2016,Myanmar,Southeastern Asia,119,,,,,,,,
2016,Egypt,Middle East and Northern Africa,120,,,,,,,,
2016,Armenia,Central and Eastern Europe,121,,,,,,,,
2016,Kenya,Sub-Saharan Africa,122,,,,,,,,
2016,Ukraine,Central and Eastern Europe,123,,,,,,,,
2016,Ghana,Sub-Saharan Africa,124,,,,,,,,
2016,Congo (Kinshasa),Sub-Saharan Africa,125,,,,,,,,
2016,Georgia,Central and Eastern Europe,126,,,,,,,,
2016,Congo (Brazzaville),Sub-Saharan Africa,127,,,,,,,,
2016,Senegal,Sub-Saharan Africa,128,,,,,,,,
2016,Bulgaria,Central and Eastern Europe,129,,,,,,,,
2016,Mauritania,Sub-Saharan Africa,130,,,,,,,,
2016,Zimbabwe,Sub-Saharan Africa,131,,,,,,,,
2016,Malawi,Sub-Saharan Africa,132,,,,,,,,
2016,Sudan,Sub-Saharan Africa,133,,,,,,,,
2016,Gabon,Sub-Saharan Africa,134,,,,,,,,
2016,Mali,Sub-Saharan Africa,135,,,,,,,,
2016,Haiti,Latin America and Caribbean,136,,,,,,,,
2016,Botswana,Sub-Saharan Africa,137,,,,,,,,
2016,Comoros,Sub-Saharan Africa,138,,,,,,,,
2016,Ivory Coast,Sub-Saharan Africa,139,,,,,,,,
2016,Cambodia,Southeastern Asia,140,,,,,,,,
2016,Angola,Sub-Saharan Africa,141,,,,,,,,
2016,Niger,Sub-Saharan Africa,142,,,,,,,,
2016,South Sudan,Sub-Saharan Africa,143,,,,,,,,
2016,Chad,Sub-Saharan Africa,144,,,,,,,,
2016,Burkina Faso,Sub-Saharan Africa,145,,,,,,,,
2016,Uganda,Sub-Saharan Africa,145,,,,,,,,
2016,Yemen,Middle East and Northern Africa,147,,,,,,,,
2016,Madagascar,Sub-Saharan Africa,148,,,,,,,,
2016,Tanzania,Sub-Saharan Africa,149,,,,,,,,
2016,Liberia,Sub-Saharan Africa,150,,,,,,,,
2016,Guinea,Sub-Saharan Africa,151,,,,,,,,
2016,Rwanda,Sub-Saharan Africa,152,,,,,,,,
2016,Benin,Sub-Saharan Africa,153,,,,,,,,
2016,Afghanistan,Southern Asia,154,,,,,,,,
2016,Togo,Sub-Saharan Africa,155,,,,,,,,
2016,Syria,Middle East and Northern Africa,156,,,,,,,,
2016,Burundi,Sub-Saharan Africa,157,,,,,,,,
2015,Switzerland,Western Europe,1,,,,,,,,
2015,Iceland,Western Europe,2,,,,,,,,
2015,Denmark,Western Europe,3,,,,,,,,
2015,Norway,Western Europe,4,,,,,,,,
2015,Canada,North America,5,,,,,,,,
2015,Finland,Western Europe,6,,,,,,,,
2015,Netherlands,Western Europe,7,,,,,,,,
2015,Sweden,Western Europe,8,,,,,,,,
2015,New Zealand,Australia and New Zealand,9,,,,,,,,
2015,Australia,Australia and New Zealand,10,,,,,,,,
2015,Israel,Middle East and Northern Africa,11,,,,,,,,
2015,Costa Rica,Latin America and Caribbean,12,,,,,,,,
2015,Austria,Western Europe,13,,,,,,,,
2015,Mexico,Latin America and Caribbean,14,,,,,,,,
2015,United States,North America,15,,,,,,,,
2015,Brazil,Latin America and Caribbean,16,,,,,,,,
2015,Luxembourg,Western Europe,17,,,,,,,,
2015,Ireland,Western Europe,18,,,,,,,,
2015,Belgium,Western Europe,19,,,,,,,,
2015,United Arab Emirates,Middle East and Northern Africa,20,,,,,,,,
2015,United Kingdom,Western Europe,21,,,,,,,,
2015,Oman,Middle East and Northern Africa,22,,,,,,,,
2015,Venezuela,Latin America and Caribbean,23,,,,,,,,
2015,Singapore,Southeastern Asia,24,,,,,,,,
2015,Panama,Latin America and Caribbean,25,,,,,,,,
2015,Germany,Western Europe,26,,,,,,,,
2015,Chile,Latin America and Caribbean,27,,,,,,,,
2015,Qatar,Middle East and Northern Africa,28,,,,,,,,
2015,France,Western Europe,29,,,,,,,,
2015,Argentina,Latin America and Caribbean,30,,,,,,,,
2015,Czech Republic,Central and Eastern Europe,31,,,,,,,,
2015,Uruguay,Latin America and Caribbean,32,,,,,,,,
2015,Colombia,Latin America and Caribbean,33,,,,,,,,
2015,Thailand,Southeastern Asia,34,,,,,,,,
2015,Saudi Arabia,Middle East and Northern Africa,35,,,,,,,,
2015,Spain,Western Europe,36,,,,,,,,
2015,Malta,Western Europe,37,,,,,,,,
2015,Taiwan,Eastern Asia,38,,,,,,,,
2015,Kuwait,Middle East and Northern Africa,39,,,,,,,,
2015,Suriname,Latin America and Caribbean,40,,,,,,,,
2015,Trinidad and Tobago,Latin America and Caribbean,41,,,,,,,,
2015,El Salvador,Latin America and Caribbean,42,,,,,,,,
2015,Guatemala,Latin America and Caribbean,43,,,,,,,,
2015,Uzbekistan,Central and Eastern Europe,44,,,,,,,,
2015,Slovakia,Central and Eastern Europe,45,,,,,,,,
2015,Japan,Eastern Asia,46,,,,,,,,
2015,South Korea,Eastern Asia,47,,,,,,,,
2015,Ecuador,Latin America and Caribbean,48,,,,,,,,
2015,Bahrain,Middle East and Northern Africa,49,,,,,,,,
2015,Italy,Western Europe,50,,,,,,,,
2015,Bolivia,Latin America and Caribbean,51,,,,,,,,
2015,Moldova,Central and Eastern Europe,52,,,,,,,,
2015,Paraguay,Latin America and Caribbean,53,,,,,,,,
2015,Kazakhstan,Central and Eastern Europe,54,,,,,,,,
2015,Slovenia,Central and Eastern Europe,55,,,,,,,,
2015,Lithuania,Central and Eastern Europe,56,,,,,,,,
2015,Nicaragua,Latin America and Caribbean,57,,,,,,,,
2015,Peru,Latin America and Caribbean,58,,,,,,,,
2015,Belarus,Central and Eastern Europe,59,,,,,,,,
2015,Poland,Central and Eastern Europe,60,,,,,,,,
2015,Malaysia,Southeastern Asia,61,,,,,,,,
2015,Croatia,Central and Eastern Europe,62,,,,,,,,
2015,Libya,Middle East and Northern Africa,63,,,,,,,,
2015,Russia,Central and Eastern Europe,64,,,,,,,,
2015,Jamaica,Latin America and Caribbean,65,,,,,,,,
2015,North Cyprus,Western Europe,66,,,,,,,,
2015,Cyprus,Western Europe,67,,,,,,,,
2015,Algeria,Middle East and Northern Africa,68,,,,,,,,
2015,Kosovo,Central and Eastern Europe,69,,,,,,,,
2015,Turkmenistan,Central and Eastern Europe,70,,,,,,,,
2015,Mauritius,Sub-Saharan Africa,71,,,,,,,,
2015,Hong Kong,Eastern Asia,72,,,,,,,,
2015,Estonia,Central and Eastern Europe,73,,,,,,,,
2015,Indonesia,Southeastern Asia,74,,,,,,,,
2015,Vietnam,Southeastern Asia,75,,,,,,,,
2015,Turkey,Middle East and Northern Africa,76,,,,,,,,
2015,Kyrgyzstan,Central and Eastern Europe,77,,,,,,,,
2015,Nigeria,Sub-Saharan Africa,78,,,,,,,,
2015,Bhutan,Southern Asia,79,,,,,,,,
2015,Azerbaijan,Central and Eastern Europe,80,,,,,,,,
2015,Pakistan,Southern Asia,81,,,,,,,,
2015,Jordan,Middle East and Northern Africa,82,,,,,,,,
2015,Montenegro,Central and Eastern Europe,82,,,,,,,,
2015,China,Eastern Asia,84,,,,,,,,
2015,Zambia,Sub-Saharan Africa,85,,,,,,,,
2015,Romania,Central and Eastern Europe,86,,,,,,,,
2015,Serbia,Central and Eastern Europe,87,,,,,,,,
2015,Portugal,Western Europe,88,,,,,,,,
2015,Latvia,Central and Eastern Europe,89,,,,,,,,
2015,Philippines,Southeastern Asia,90,,,,,,,,
2015,Somaliland region,Sub-Saharan Africa,91,,,,,,,,
2015,Morocco,Middle East and Northern Africa,92,,,,,,,,
2015,Macedonia,Central and Eastern Europe,93,,,,,,,,
2015,Mozambique,Sub-Saharan Africa,94,,,,,,,,
2015,Albania,Central and Eastern Europe,95,,,,,,,,
2015,Bosnia and Herzegovina,Central and Eastern Europe,96,,,,,,,,
2015,Lesotho,Sub-Saharan Africa,97,,,,,,,,
2015,Dominican Republic,Latin America and Caribbean,98,,,,,,,,
2015,Laos,Southeastern Asia,99,,,,,,,,
2015,Mongolia,Eastern Asia,100,,,,,,,,
2015,Swaziland,Sub-Saharan Africa,101,,,,,,,,
2015,Greece,Western Europe,102,,,,,,,,
2015,Lebanon,Middle East and Northern Africa,103,,,,,,,,
2015,Hungary,Central and Eastern Europe,104,,,,,,,,
2015,Honduras,Latin America and Caribbean,105,,,,,,,,
2015,Tajikistan,Central and Eastern Europe,106,,,,,,,,
2015,Tunisia,Middle East and Northern Africa,107,,,,,,,,
2015,Palestinian Territories,Middle East and Northern Africa,108,,,,,,,,
2015,Bangladesh,Southern Asia,109,,,,,,,,
2015,Iran,Middle East and Northern Africa,110,,,,,,,,
2015,Ukraine,Central and Eastern Europe,111,,,,,,,,
2015,Iraq,Middle East and Northern Africa,112,,,,,,,,
2015,South Africa,Sub-Saharan Africa,113,,,,,,,,
2015,Ghana,Sub-Saharan Africa,114,,,,,,,,
2015,Zimbabwe,Sub-Saharan Africa,115,,,,,,,,
2015,Liberia,Sub-Saharan Africa,116,,,,,,,,
2015,India,Southern Asia,117,,,,,,,,
2015,Sudan,Sub-Saharan Africa,118,,,,,,,,
2015,Haiti,Latin America and Caribbean,119,,,,,,,,
2015,Congo (Kinshasa),Sub-Saharan Africa,120,,,,,,,,
2015,Nepal,Southern Asia,121,,,,,,,,
2015,Ethiopia,Sub-Saharan Africa,122,,,,,,,,
2015,Sierra Leone,Sub-Saharan Africa,123,,,,,,,,
2015,Mauritania,Sub-Saharan Africa,124,,,,,,,,
2015,Kenya,Sub-Saharan Africa,125,,,,,,,,
2015,Djibouti,Sub-Saharan Africa,126,,,,,,,,
2015,Armenia,Central and Eastern Europe,127,,,,,,,,
2015,Botswana,Sub-Saharan Africa,128,,,,,,,,
2015,Myanmar,Southeastern Asia,129,,,,,,,,
2015,Georgia,Central and Eastern Europe,130,,,,,,,,
2015,Malawi,Sub-Saharan Africa,131,,,,,,,,
2015,Sri Lanka,Southern Asia,132,,,,,,,,
2015,Cameroon,Sub-Saharan Africa,133,,,,,,,,
2015,Bulgaria,Central and Eastern Europe,134,,,,,,,,
2015,Egypt,Middle East and Northern Africa,135,,,,,,,,
2015,Yemen,Middle East and Northern Africa,136,,,,,,,,
2015,Angola,Sub-Saharan Africa,137,,,,,,,,
2015,Mali,Sub-Saharan Africa,138,,,,,,,,
2015,Congo (Brazzaville),Sub-Saharan Africa,139,,,,,,,,
2015,Comoros,Sub-Saharan Africa,140,,,,,,,,
2015,Uganda,Sub-Saharan Africa,141,,,,,,,,
2015,Senegal,Sub-Saharan Africa,142,,,,,,,,
2015,Gabon,Sub-Saharan Africa,143,,,,,,,,
2015,Niger,Sub-Saharan Africa,144,,,,,,,,
2015,Cambodia,Southeastern Asia,145,,,,,,,,
2015,Tanzania,Sub-Saharan Africa,146,,,,,,,,
2015,Madagascar,Sub-Saharan Africa,147,,,,,,,,
2015,Central African Republic,Sub-Saharan Africa,148,,,,,,,,
2015,Chad,Sub-Saharan Africa,149,,,,,,,,
2015,Guinea,Sub-Saharan Africa,150,,,,,,,,
2015,Ivory Coast,Sub-Saharan Africa,151,,,,,,,,
2015,Burkina Faso,Sub-Saharan Africa,152,,,,,,,,
2015,Afghanistan,Southern Asia,153,,,,,,,,
2015,Rwanda,Sub-Saharan Africa,154,,,,,,,,
2015,Benin,Sub-Saharan Africa,155,,,,,,,,
2015,Syria,Middle East and Northern Africa,156,,,,,,,,
2015,Burundi,Sub-Saharan Africa,157,,,,,,,,
2015,Togo,Sub-Saharan Africa,158,,,,,,,,
